HEP Code,HEP Name,Year,State,Cohort,Program,Amount
6102,Adelaide University,2026,SA,Go8,RSP,64130915
6102,Adelaide University,2026,SA,Go8,RTP,66199119
3006,Australian Catholic University,2026,OTHER,non-aligned,RSP,2614352
3006,Australian Catholic University,2026,OTHER,non-aligned,RTP,3446654
2252,Avondale University ,2026,NSW,non-aligned,RSP,150478
2252,Avondale University ,2026,NSW,non-aligned,RTP,256246
2246,Batchelor Institute of Indigenous Tertiary Education,2026,NT,non-aligned,RSP,689789
2246,Batchelor Institute of Indigenous Tertiary Education,2026,NT,non-aligned,RTP,443100
3003,Bond University ,2026,QLD,non-aligned,RSP,1139827
3003,Bond University ,2026,QLD,non-aligned,RTP,2298883
2200,Central Queensland University,2026,QLD,RUN,RSP,4733157
2200,Central Queensland University,2026,QLD,RUN,RTP,4985143
3001,Charles Darwin University,2026,NT,non-aligned,RSP,12248138
3001,Charles Darwin University,2026,NT,non-aligned,RTP,10023497
3005,Charles Sturt University,2026,NSW,RUN,RSP,4784894
3005,Charles Sturt University,2026,NSW,RUN,RTP,5877054
2236,Curtin University,2026,WA,ATN,RSP,25109253
2236,Curtin University,2026,WA,ATN,RTP,31256282
3030,Deakin University,2026,VIC,ATN,RSP,28555035
3030,Deakin University,2026,VIC,ATN,RTP,34831005
2235,Edith Cowan University,2026,WA,non-aligned,RSP,4864846
2235,Edith Cowan University,2026,WA,non-aligned,RTP,8984594
2154,Federation University Australia,2026,VIC,RUN,RSP,1555871
2154,Federation University Australia,2026,VIC,RUN,RTP,3030881
3029,Flinders University,2026,SA,IRU,RSP,23315905
3029,Flinders University,2026,SA,IRU,RTP,22314022
3032,Griffith University,2026,QLD,IRU,RSP,21217050
3032,Griffith University,2026,QLD,IRU,RTP,30310506
1019,James Cook University,2026,QLD,IRU,RSP,10307102
1019,James Cook University,2026,QLD,IRU,RTP,12488371
3020,La Trobe University,2026,VIC,IRU,RSP,17674337
3020,La Trobe University,2026,VIC,IRU,RTP,21519325
3025,Macquarie University,2026,NSW,non-aligned,RSP,23012638
3025,Macquarie University,2026,NSW,non-aligned,RTP,35393486
3035,Monash University,2026,VIC,Go8,RSP,122318192
3035,Monash University,2026,VIC,Go8,RTP,129570919
1034,Murdoch University,2026,WA,IRU,RSP,8196137
1034,Murdoch University,2026,WA,IRU,RTP,12451476
3042,Queensland University of Technology,2026,QLD,non-aligned,RSP,23328291
3042,Queensland University of Technology,2026,QLD,non-aligned,RTP,34422945
3034,Royal Melbourne Institute of Technology,2026,VIC,ATN,RSP,17313223
3034,Royal Melbourne Institute of Technology,2026,VIC,ATN,RTP,34068909
3038,Southern Cross University,2026,NSW,RUN,RSP,5209575
3038,Southern Cross University,2026,NSW,RUN,RTP,5377591
2177,Swinburne University of Technology,2026,VIC,non-aligned,RSP,7543350
2177,Swinburne University of Technology,2026,VIC,non-aligned,RTP,18664138
3033,The Australian National University,2026,ACT,Go8,RSP,72597461
3033,The Australian National University,2026,ACT,Go8,RTP,64192557
3036,The University of Melbourne,2026,VIC,Go8,RSP,123798137
3036,The University of Melbourne,2026,VIC,Go8,RTP,122033532
3044,The University of Notre Dame Australia,2026,WA,non-aligned,RSP,1078458
3044,The University of Notre Dame Australia,2026,WA,non-aligned,RTP,1863846
3019,The University of Queensland,2026,QLD,Go8,RSP,98793200
3019,The University of Queensland,2026,QLD,Go8,RTP,105759278
3040,The University of Sydney,2026,NSW,Go8,RSP,103070321
3040,The University of Sydney,2026,NSW,Go8,RTP,109518380
1055,The University of Western Australia,2026,WA,Go8,RSP,45734581
1055,The University of Western Australia,2026,WA,Go8,RTP,48060696
4449,Torrens University Australia,2026,SA,non-aligned,RSP,279001
4449,Torrens University Australia,2026,SA,non-aligned,RTP,400203
2241,University of Canberra,2026,ACT,IRU,RSP,4582969
2241,University of Canberra,2026,ACT,IRU,RTP,5824045
4331,University of Divinity,2026,VIC,non-aligned,RSP,422393
4331,University of Divinity,2026,VIC,non-aligned,RTP,570943
3039,University of New England,2026,NSW,RUN,RSP,9145459
3039,University of New England,2026,NSW,RUN,RTP,9982139
3013,University of New South Wales,2026,NSW,Go8,RSP,110517912
3013,University of New South Wales,2026,NSW,Go8,RTP,110867696
3014,University of Newcastle,2026,NSW,ATN,RSP,25084794
3014,University of Newcastle,2026,NSW,ATN,RTP,26668642
2201,University of Southern Queensland,2026,QLD,RUN,RSP,6402347
2201,University of Southern Queensland,2026,QLD,RUN,RTP,10154710
3045,University of Tasmania,2026,TAS,non-aligned,RSP,25338770
3045,University of Tasmania,2026,TAS,non-aligned,RTP,28782936
3016,University of Technology Sydney,2026,NSW,ATN,RSP,19544441
3016,University of Technology Sydney,2026,NSW,ATN,RTP,30802094
3043,University of the Sunshine Coast,2026,QLD,RUN,RSP,7722557
3043,University of the Sunshine Coast,2026,QLD,RUN,RTP,7850812
1058,University of Wollongong,2026,NSW,non-aligned,RSP,14846399
1058,University of Wollongong,2026,NSW,non-aligned,RTP,23532462
3007,Victoria University,2026,VIC,non-aligned,RSP,3054189
3007,Victoria University,2026,VIC,non-aligned,RTP,5200433
3004,Western Sydney University,2026,NSW,IRU,RSP,10092312
3004,Western Sydney University,2026,NSW,IRU,RTP,17915905
3006,Australian Catholic University,2025,OTHER,non-aligned,RSP,2217956
3006,Australian Catholic University,2025,OTHER,non-aligned,RTP,3054420
2252,Avondale University ,2025,NSW,non-aligned,RSP,77651
2252,Avondale University ,2025,NSW,non-aligned,RTP,164108
2246,Batchelor Institute of Indigenous Tertiary Education,2025,NT,non-aligned,RSP,524025
2246,Batchelor Institute of Indigenous Tertiary Education,2025,NT,non-aligned,RTP,323773
3003,Bond University ,2025,QLD,non-aligned,RSP,879125
3003,Bond University ,2025,QLD,non-aligned,RTP,1839820
2200,Central Queensland University,2025,QLD,RUN,RSP,4550473
2200,Central Queensland University,2025,QLD,RUN,RTP,4773010
3001,Charles Darwin University,2025,NT,non-aligned,RSP,12855701
3001,Charles Darwin University,2025,NT,non-aligned,RTP,10392998
3005,Charles Sturt University,2025,NSW,RUN,RSP,4286701
3005,Charles Sturt University,2025,NSW,RUN,RTP,5538247
2236,Curtin University,2025,WA,ATN,RSP,24717773
2236,Curtin University,2025,WA,ATN,RTP,31000387
3030,Deakin University,2025,VIC,ATN,RSP,26791377
3030,Deakin University,2025,VIC,ATN,RTP,32814481
2235,Edith Cowan University,2025,WA,non-aligned,RSP,4332395
2235,Edith Cowan University,2025,WA,non-aligned,RTP,8413791
2154,Federation University Australia,2025,VIC,RUN,RSP,1312796
2154,Federation University Australia,2025,VIC,RUN,RTP,2795801
3029,Flinders University,2025,SA,IRU,RSP,22529125
3029,Flinders University,2025,SA,IRU,RTP,21291217
3032,Griffith University,2025,QLD,IRU,RSP,19490224
3032,Griffith University,2025,QLD,IRU,RTP,29973475
1019,James Cook University,2025,QLD,IRU,RSP,10201709
1019,James Cook University,2025,QLD,IRU,RTP,13332946
3020,La Trobe University,2025,VIC,IRU,RSP,16667877
3020,La Trobe University,2025,VIC,IRU,RTP,22110470
3025,Macquarie University,2025,NSW,non-aligned,RSP,20628511
3025,Macquarie University,2025,NSW,non-aligned,RTP,33475332
3035,Monash University,2025,VIC,Go8,RSP,126109023
3035,Monash University,2025,VIC,Go8,RTP,135257526
1034,Murdoch University,2025,WA,IRU,RSP,8192152
1034,Murdoch University,2025,WA,IRU,RTP,12683975
3042,Queensland University of Technology,2025,QLD,non-aligned,RSP,22714866
3042,Queensland University of Technology,2025,QLD,non-aligned,RTP,33086088
3034,Royal Melbourne Institute of Technology,2025,VIC,ATN,RSP,18558554
3034,Royal Melbourne Institute of Technology,2025,VIC,ATN,RTP,32798728
3038,Southern Cross University,2025,NSW,RUN,RSP,4986088
3038,Southern Cross University,2025,NSW,RUN,RTP,5075362
2177,Swinburne University of Technology,2025,VIC,non-aligned,RSP,8840481
2177,Swinburne University of Technology,2025,VIC,non-aligned,RTP,19246854
3033,The Australian National University,2025,ACT,Go8,RSP,72303211
3033,The Australian National University,2025,ACT,Go8,RTP,62363474
3010,The University of Adelaide,2025,SA,Go8,RSP,46230925
3010,The University of Adelaide,2025,SA,Go8,RTP,51817206
3036,The University of Melbourne,2025,VIC,Go8,RSP,126983898
3036,The University of Melbourne,2025,VIC,Go8,RTP,121170874
3044,The University of Notre Dame Australia,2025,WA,non-aligned,RSP,975242
3044,The University of Notre Dame Australia,2025,WA,non-aligned,RTP,1727823
3019,The University of Queensland,2025,QLD,Go8,RSP,91376822
3019,The University of Queensland,2025,QLD,Go8,RTP,103800648
3040,The University of Sydney,2025,NSW,Go8,RSP,95336697
3040,The University of Sydney,2025,NSW,Go8,RTP,104725797
1055,The University of Western Australia,2025,WA,Go8,RSP,45281049
1055,The University of Western Australia,2025,WA,Go8,RTP,47625285
4449,Torrens University Australia,2025,SA,non-aligned,RSP,297270
4449,Torrens University Australia,2025,SA,non-aligned,RTP,381745
2241,University of Canberra,2025,ACT,IRU,RSP,4177614
2241,University of Canberra,2025,ACT,IRU,RTP,5405457
4331,University of Divinity,2025,VIC,non-aligned,RSP,461026
4331,University of Divinity,2025,VIC,non-aligned,RTP,588054
3039,University of New England,2025,NSW,RUN,RSP,9059916
3039,University of New England,2025,NSW,RUN,RTP,10316412
3013,University of New South Wales,2025,NSW,Go8,RSP,104074021
3013,University of New South Wales,2025,NSW,Go8,RTP,109174410
3014,University of Newcastle,2025,NSW,ATN,RSP,25342886
3014,University of Newcastle,2025,NSW,ATN,RTP,29122866
3027,University of South Australia,2025,SA,ATN,RSP,15888495
3027,University of South Australia,2025,SA,ATN,RTP,17109544
2201,University of Southern Queensland,2025,QLD,RUN,RSP,6502921
2201,University of Southern Queensland,2025,QLD,RUN,RTP,10347440
3045,University of Tasmania,2025,TAS,non-aligned,RSP,24950928
3045,University of Tasmania,2025,TAS,non-aligned,RTP,28627334
3016,University of Technology Sydney,2025,NSW,ATN,RSP,18500818
3016,University of Technology Sydney,2025,NSW,ATN,RTP,29772808
3043,University of the Sunshine Coast,2025,QLD,RUN,RSP,6328710
3043,University of the Sunshine Coast,2025,QLD,RUN,RTP,7120267
1058,University of Wollongong,2025,NSW,non-aligned,RSP,16803605
1058,University of Wollongong,2025,NSW,non-aligned,RTP,25039111
3007,Victoria University,2025,VIC,non-aligned,RSP,4280600
3007,Victoria University,2025,VIC,non-aligned,RTP,5393811
3004,Western Sydney University,2025,NSW,IRU,RSP,9158067
3004,Western Sydney University,2025,NSW,IRU,RTP,16317306
3006,Australian Catholic University,2024,OTHER,non-aligned,RSP,1658508
3006,Australian Catholic University,2024,OTHER,non-aligned,RTP,2700110
2252,Avondale University ,2024,NSW,non-aligned,RSP,34115
2252,Avondale University ,2024,NSW,non-aligned,RTP,95094
2246,Batchelor Institute of Indigenous Tertiary Education,2024,NT,non-aligned,RSP,273497
2246,Batchelor Institute of Indigenous Tertiary Education,2024,NT,non-aligned,RTP,181933
3003,Bond University ,2024,QLD,non-aligned,RSP,1018393
3003,Bond University ,2024,QLD,non-aligned,RTP,2244753
2200,Central Queensland University,2024,QLD,RUN,RSP,3649512
2200,Central Queensland University,2024,QLD,RUN,RTP,4260945
3001,Charles Darwin University,2024,NT,non-aligned,RSP,12535658
3001,Charles Darwin University,2024,NT,non-aligned,RTP,10170682
3005,Charles Sturt University,2024,NSW,RUN,RSP,3181092
3005,Charles Sturt University,2024,NSW,RUN,RTP,4899349
2236,Curtin University,2024,WA,ATN,RSP,23721482
2236,Curtin University,2024,WA,ATN,RTP,30736270
3030,Deakin University,2024,VIC,ATN,RSP,22698305
3030,Deakin University,2024,VIC,ATN,RTP,30037103
2235,Edith Cowan University,2024,WA,non-aligned,RSP,4083121
2235,Edith Cowan University,2024,WA,non-aligned,RTP,7021835
2154,Federation University Australia,2024,VIC,RUN,RSP,1314662
2154,Federation University Australia,2024,VIC,RUN,RTP,2971820
3029,Flinders University,2024,SA,IRU,RSP,19232564
3029,Flinders University,2024,SA,IRU,RTP,19713567
3032,Griffith University,2024,QLD,IRU,RSP,17980765
3032,Griffith University,2024,QLD,IRU,RTP,28270010
1019,James Cook University,2024,QLD,IRU,RSP,8847217
1019,James Cook University,2024,QLD,IRU,RTP,12198540
3020,La Trobe University,2024,VIC,IRU,RSP,16358152
3020,La Trobe University,2024,VIC,IRU,RTP,21227058
3025,Macquarie University,2024,NSW,non-aligned,RSP,18900193
3025,Macquarie University,2024,NSW,non-aligned,RTP,32626464
3035,Monash University,2024,VIC,Go8,RSP,116166795
3035,Monash University,2024,VIC,Go8,RTP,122798840
1034,Murdoch University,2024,WA,IRU,RSP,7279457
1034,Murdoch University,2024,WA,IRU,RTP,11561091
3042,Queensland University of Technology,2024,QLD,non-aligned,RSP,22934769
3042,Queensland University of Technology,2024,QLD,non-aligned,RTP,33921139
3034,Royal Melbourne Institute of Technology,2024,VIC,ATN,RSP,18585164
3034,Royal Melbourne Institute of Technology,2024,VIC,ATN,RTP,30396426
3038,Southern Cross University,2024,NSW,RUN,RSP,4074020
3038,Southern Cross University,2024,NSW,RUN,RTP,4997742
2177,Swinburne University of Technology,2024,VIC,non-aligned,RSP,10636873
2177,Swinburne University of Technology,2024,VIC,non-aligned,RTP,19342184
3033,The Australian National University,2024,ACT,Go8,RSP,66784824
3033,The Australian National University,2024,ACT,Go8,RTP,58237230
3010,The University of Adelaide,2024,SA,Go8,RSP,49591732
3010,The University of Adelaide,2024,SA,Go8,RTP,53241854
3036,The University of Melbourne,2024,VIC,Go8,RSP,126305288
3036,The University of Melbourne,2024,VIC,Go8,RTP,117206808
3044,The University of Notre Dame Australia,2024,WA,non-aligned,RSP,727801
3044,The University of Notre Dame Australia,2024,WA,non-aligned,RTP,2116002
3019,The University of Queensland,2024,QLD,Go8,RSP,85072108
3019,The University of Queensland,2024,QLD,Go8,RTP,96646012
3040,The University of Sydney,2024,NSW,Go8,RSP,99478292
3040,The University of Sydney,2024,NSW,Go8,RTP,102046959
1055,The University of Western Australia,2024,WA,Go8,RSP,45249047
1055,The University of Western Australia,2024,WA,Go8,RTP,43932830
4449,Torrens University Australia,2024,SA,non-aligned,RSP,266053
4449,Torrens University Australia,2024,SA,non-aligned,RTP,387107
2241,University of Canberra,2024,ACT,IRU,RSP,3653438
2241,University of Canberra,2024,ACT,IRU,RTP,4673318
4331,University of Divinity,2024,VIC,non-aligned,RSP,497673
4331,University of Divinity,2024,VIC,non-aligned,RTP,673016
3039,University of New England,2024,NSW,RUN,RSP,8303055
3039,University of New England,2024,NSW,RUN,RTP,10271411
3013,University of New South Wales,2024,NSW,Go8,RSP,99379239
3013,University of New South Wales,2024,NSW,Go8,RTP,105060012
3014,University of Newcastle,2024,NSW,ATN,RSP,24136894
3014,University of Newcastle,2024,NSW,ATN,RTP,31145614
3027,University of South Australia,2024,SA,ATN,RSP,16576822
3027,University of South Australia,2024,SA,ATN,RTP,17306833
2201,University of Southern Queensland,2024,QLD,RUN,RSP,5966075
2201,University of Southern Queensland,2024,QLD,RUN,RTP,10225314
3045,University of Tasmania,2024,TAS,non-aligned,RSP,23844600
3045,University of Tasmania,2024,TAS,non-aligned,RTP,27645641
3016,University of Technology Sydney,2024,NSW,ATN,RSP,17059368
3016,University of Technology Sydney,2024,NSW,ATN,RTP,30025624
3043,University of the Sunshine Coast,2024,QLD,RUN,RSP,5426370
3043,University of the Sunshine Coast,2024,QLD,RUN,RTP,6488994
1058,University of Wollongong,2024,NSW,non-aligned,RSP,15067895
1058,University of Wollongong,2024,NSW,non-aligned,RTP,25561863
3007,Victoria University,2024,VIC,non-aligned,RSP,5038730
3007,Victoria University,2024,VIC,non-aligned,RTP,6499964
3004,Western Sydney University,2024,NSW,IRU,RSP,9426042
3004,Western Sydney University,2024,NSW,IRU,RTP,16496385
3006,Australian Catholic University,2023,OTHER,non-aligned,RSP,1480499
3006,Australian Catholic University,2023,OTHER,non-aligned,RTP,2876087
2246,Batchelor Institute of Indigenous Tertiary Education,2023,NT,non-aligned,RSP,174423
2246,Batchelor Institute of Indigenous Tertiary Education,2023,NT,non-aligned,RTP,174602
3003,Bond University ,2023,QLD,non-aligned,RSP,909633
3003,Bond University ,2023,QLD,non-aligned,RTP,1864695
2200,Central Queensland University,2023,QLD,RUN,RSP,3583297
2200,Central Queensland University,2023,QLD,RUN,RTP,3840243
3001,Charles Darwin University,2023,NT,non-aligned,RSP,10695167
3001,Charles Darwin University,2023,NT,non-aligned,RTP,8539898
3005,Charles Sturt University,2023,NSW,RUN,RSP,2504839
3005,Charles Sturt University,2023,NSW,RUN,RTP,4642645
2236,Curtin University,2023,WA,ATN,RSP,21013797
2236,Curtin University,2023,WA,ATN,RTP,29670302
3030,Deakin University,2023,VIC,ATN,RSP,18831850
3030,Deakin University,2023,VIC,ATN,RTP,23997700
2235,Edith Cowan University,2023,WA,non-aligned,RSP,3701315
2235,Edith Cowan University,2023,WA,non-aligned,RTP,6580496
2154,Federation University Australia,2023,VIC,RUN,RSP,1182939
2154,Federation University Australia,2023,VIC,RUN,RTP,2974444
3029,Flinders University,2023,SA,IRU,RSP,13998751
3029,Flinders University,2023,SA,IRU,RTP,16850703
3032,Griffith University,2023,QLD,IRU,RSP,16168941
3032,Griffith University,2023,QLD,IRU,RTP,26006458
1019,James Cook University,2023,QLD,IRU,RSP,7198753
1019,James Cook University,2023,QLD,IRU,RTP,10432319
3020,La Trobe University,2023,VIC,IRU,RSP,15368239
3020,La Trobe University,2023,VIC,IRU,RTP,17964869
3025,Macquarie University,2023,NSW,non-aligned,RSP,17199403
3025,Macquarie University,2023,NSW,non-aligned,RTP,31331018
3035,Monash University,2023,VIC,Go8,RSP,101809297
3035,Monash University,2023,VIC,Go8,RTP,107450028
1034,Murdoch University,2023,WA,IRU,RSP,6382087
1034,Murdoch University,2023,WA,IRU,RTP,9700041
3042,Queensland University of Technology,2023,QLD,non-aligned,RSP,21093117
3042,Queensland University of Technology,2023,QLD,non-aligned,RTP,31692976
3034,Royal Melbourne Institute of Technology,2023,VIC,ATN,RSP,15209851
3034,Royal Melbourne Institute of Technology,2023,VIC,ATN,RTP,27264714
3038,Southern Cross University,2023,NSW,RUN,RSP,3008867
3038,Southern Cross University,2023,NSW,RUN,RTP,4129550
2177,Swinburne University of Technology,2023,VIC,non-aligned,RSP,9410130
2177,Swinburne University of Technology,2023,VIC,non-aligned,RTP,15728868
3033,The Australian National University,2023,ACT,Go8,RSP,59255431
3033,The Australian National University,2023,ACT,Go8,RTP,52476862
3010,The University of Adelaide,2023,SA,Go8,RSP,48163400
3010,The University of Adelaide,2023,SA,Go8,RTP,50193228
3036,The University of Melbourne,2023,VIC,Go8,RSP,119891805
3036,The University of Melbourne,2023,VIC,Go8,RTP,114471132
3044,The University of Notre Dame Australia,2023,WA,non-aligned,RSP,517655
3044,The University of Notre Dame Australia,2023,WA,non-aligned,RTP,2222326
3019,The University of Queensland,2023,QLD,Go8,RSP,85741600
3019,The University of Queensland,2023,QLD,Go8,RTP,94870189
3040,The University of Sydney,2023,NSW,Go8,RSP,96420106
3040,The University of Sydney,2023,NSW,Go8,RTP,95933704
1055,The University of Western Australia,2023,WA,Go8,RSP,42982499
1055,The University of Western Australia,2023,WA,Go8,RTP,42064772
4449,Torrens University Australia,2023,SA,non-aligned,RSP,227902
4449,Torrens University Australia,2023,SA,non-aligned,RTP,208714
2241,University of Canberra,2023,ACT,IRU,RSP,3350252
2241,University of Canberra,2023,ACT,IRU,RTP,4001021
4331,University of Divinity,2023,VIC,non-aligned,RSP,460093
4331,University of Divinity,2023,VIC,non-aligned,RTP,513984
3039,University of New England,2023,NSW,RUN,RSP,7978371
3039,University of New England,2023,NSW,RUN,RTP,9929354
3013,University of New South Wales,2023,NSW,Go8,RSP,98232652
3013,University of New South Wales,2023,NSW,Go8,RTP,97780933
3014,University of Newcastle,2023,NSW,ATN,RSP,24288287
3014,University of Newcastle,2023,NSW,ATN,RTP,30662349
3027,University of South Australia,2023,SA,ATN,RSP,16230114
3027,University of South Australia,2023,SA,ATN,RTP,16956684
2201,University of Southern Queensland,2023,QLD,RUN,RSP,4496694
2201,University of Southern Queensland,2023,QLD,RUN,RTP,8665604
3045,University of Tasmania,2023,TAS,non-aligned,RSP,22793527
3045,University of Tasmania,2023,TAS,non-aligned,RTP,26684857
3016,University of Technology Sydney,2023,NSW,ATN,RSP,15908194
3016,University of Technology Sydney,2023,NSW,ATN,RTP,28541184
3043,University of the Sunshine Coast,2023,QLD,RUN,RSP,4444535
3043,University of the Sunshine Coast,2023,QLD,RUN,RTP,5545472
1058,University of Wollongong,2023,NSW,non-aligned,RSP,13156239
1058,University of Wollongong,2023,NSW,non-aligned,RTP,23545862
3007,Victoria University,2023,VIC,non-aligned,RSP,3734364
3007,Victoria University,2023,VIC,non-aligned,RTP,6635317
3004,Western Sydney University,2023,NSW,IRU,RSP,8348080
3004,Western Sydney University,2023,NSW,IRU,RTP,15943858
3006,Australian Catholic University,2022,OTHER,non-aligned,RSP,1467740
3006,Australian Catholic University,2022,OTHER,non-aligned,RTP,3120749
2246,Batchelor Institute of Indigenous Tertiary Education,2022,NT,non-aligned,RSP,133720
2246,Batchelor Institute of Indigenous Tertiary Education,2022,NT,non-aligned,RTP,209801
3003,Bond University ,2022,QLD,non-aligned,RSP,922642
3003,Bond University ,2022,QLD,non-aligned,RTP,1544813
2200,Central Queensland University,2022,QLD,RUN,RSP,3186615
2200,Central Queensland University,2022,QLD,RUN,RTP,3688488
3001,Charles Darwin University,2022,NT,non-aligned,RSP,10164121
3001,Charles Darwin University,2022,NT,non-aligned,RTP,8041855
3005,Charles Sturt University,2022,NSW,RUN,RSP,2163952
3005,Charles Sturt University,2022,NSW,RUN,RTP,4489624
2236,Curtin University,2022,WA,ATN,RSP,20944933
2236,Curtin University,2022,WA,ATN,RTP,29273950
3030,Deakin University,2022,VIC,ATN,RSP,16293171
3030,Deakin University,2022,VIC,ATN,RTP,20839807
2235,Edith Cowan University,2022,WA,non-aligned,RSP,3458504
2235,Edith Cowan University,2022,WA,non-aligned,RTP,6411545
2154,Federation University Australia,2022,VIC,RUN,RSP,1060821
2154,Federation University Australia,2022,VIC,RUN,RTP,2572241
3029,Flinders University,2022,SA,IRU,RSP,11794585
3029,Flinders University,2022,SA,IRU,RTP,15217026
3032,Griffith University,2022,QLD,IRU,RSP,16316451
3032,Griffith University,2022,QLD,IRU,RTP,25154439
1019,James Cook University,2022,QLD,IRU,RSP,7317967
1019,James Cook University,2022,QLD,IRU,RTP,11195924
3020,La Trobe University,2022,VIC,IRU,RSP,15987398
3020,La Trobe University,2022,VIC,IRU,RTP,18453725
3025,Macquarie University,2022,NSW,non-aligned,RSP,17036142
3025,Macquarie University,2022,NSW,non-aligned,RTP,30316330
3035,Monash University,2022,VIC,Go8,RSP,97239184
3035,Monash University,2022,VIC,Go8,RTP,102424908
1034,Murdoch University,2022,WA,IRU,RSP,7502523
1034,Murdoch University,2022,WA,IRU,RTP,9827392
3042,Queensland University of Technology,2022,QLD,non-aligned,RSP,19316131
3042,Queensland University of Technology,2022,QLD,non-aligned,RTP,29068532
3034,Royal Melbourne Institute of Technology,2022,VIC,ATN,RSP,13354848
3034,Royal Melbourne Institute of Technology,2022,VIC,ATN,RTP,24817631
3038,Southern Cross University,2022,NSW,RUN,RSP,2826644
3038,Southern Cross University,2022,NSW,RUN,RTP,3326464
2177,Swinburne University of Technology,2022,VIC,non-aligned,RSP,8544644
2177,Swinburne University of Technology,2022,VIC,non-aligned,RTP,14242555
3033,The Australian National University,2022,ACT,Go8,RSP,61564969
3033,The Australian National University,2022,ACT,Go8,RTP,53648762
3010,The University of Adelaide,2022,SA,Go8,RSP,40793713
3010,The University of Adelaide,2022,SA,Go8,RTP,46169968
3036,The University of Melbourne,2022,VIC,Go8,RSP,111118253
3036,The University of Melbourne,2022,VIC,Go8,RTP,111813256
3044,The University of Notre Dame Australia,2022,WA,non-aligned,RSP,480706
3044,The University of Notre Dame Australia,2022,WA,non-aligned,RTP,1702450
3019,The University of Queensland,2022,QLD,Go8,RSP,91465589
3019,The University of Queensland,2022,QLD,Go8,RTP,100217285
3040,The University of Sydney,2022,NSW,Go8,RSP,88217569
3040,The University of Sydney,2022,NSW,Go8,RTP,90173615
1055,The University of Western Australia,2022,WA,Go8,RSP,42820477
1055,The University of Western Australia,2022,WA,Go8,RTP,42513528
4449,Torrens University Australia,2022,SA,non-aligned,RSP,209439
4449,Torrens University Australia,2022,SA,non-aligned,RTP,193670
2241,University of Canberra,2022,ACT,IRU,RSP,4076672
2241,University of Canberra,2022,ACT,IRU,RTP,4366091
4331,University of Divinity,2022,VIC,non-aligned,RSP,468926
4331,University of Divinity,2022,VIC,non-aligned,RTP,636254
3039,University of New England,2022,NSW,RUN,RSP,8147829
3039,University of New England,2022,NSW,RUN,RTP,9261262
3013,University of New South Wales,2022,NSW,Go8,RSP,97163618
3013,University of New South Wales,2022,NSW,Go8,RTP,96402360
3014,University of Newcastle,2022,NSW,ATN,RSP,23705205
3014,University of Newcastle,2022,NSW,ATN,RTP,27539140
3027,University of South Australia,2022,SA,ATN,RSP,16033125
3027,University of South Australia,2022,SA,ATN,RTP,15858732
2201,University of Southern Queensland,2022,QLD,RUN,RSP,4439353
2201,University of Southern Queensland,2022,QLD,RUN,RTP,7807530
3045,University of Tasmania,2022,TAS,non-aligned,RSP,19931136
3045,University of Tasmania,2022,TAS,non-aligned,RTP,25859741
3016,University of Technology Sydney,2022,NSW,ATN,RSP,16601301
3016,University of Technology Sydney,2022,NSW,ATN,RTP,25973884
3043,University of the Sunshine Coast,2022,QLD,RUN,RSP,5170986
3043,University of the Sunshine Coast,2022,QLD,RUN,RTP,6211468
1058,University of Wollongong,2022,NSW,non-aligned,RSP,14169578
1058,University of Wollongong,2022,NSW,non-aligned,RTP,22728971
3007,Victoria University,2022,VIC,non-aligned,RSP,3046763
3007,Victoria University,2022,VIC,non-aligned,RTP,6504162
3004,Western Sydney University,2022,NSW,IRU,RSP,8170072
3004,Western Sydney University,2022,NSW,IRU,RTP,14151147
3006,Australian Catholic University,2021,OTHER,non-aligned,RSP,4930485
3006,Australian Catholic University,2021,OTHER,non-aligned,RTP,3968872
2246,Batchelor Institute of Indigenous Tertiary Education,2021,NT,non-aligned,RSP,295414
2246,Batchelor Institute of Indigenous Tertiary Education,2021,NT,non-aligned,RTP,139526
3003,Bond University ,2021,QLD,non-aligned,RSP,2621800
3003,Bond University ,2021,QLD,non-aligned,RTP,1846509
2200,Central Queensland University,2021,QLD,RUN,RSP,5848951
2200,Central Queensland University,2021,QLD,RUN,RTP,3679941
3001,Charles Darwin University,2021,NT,non-aligned,RSP,21296809
3001,Charles Darwin University,2021,NT,non-aligned,RTP,7766524
3005,Charles Sturt University,2021,NSW,RUN,RSP,6259674
3005,Charles Sturt University,2021,NSW,RUN,RTP,5998381
2236,Curtin University,2021,WA,ATN,RSP,44273982
2236,Curtin University,2021,WA,ATN,RTP,27825644
3030,Deakin University,2021,VIC,ATN,RSP,31893142
3030,Deakin University,2021,VIC,ATN,RTP,20453826
2235,Edith Cowan University,2021,WA,non-aligned,RSP,7399283
2235,Edith Cowan University,2021,WA,non-aligned,RTP,6679659
2154,Federation University Australia,2021,VIC,RUN,RSP,2580270
2154,Federation University Australia,2021,VIC,RUN,RTP,2273755
3029,Flinders University,2021,SA,IRU,RSP,23074252
3029,Flinders University,2021,SA,IRU,RTP,15336016
3032,Griffith University,2021,QLD,IRU,RSP,35660253
3032,Griffith University,2021,QLD,IRU,RTP,25290058
1019,James Cook University,2021,QLD,IRU,RSP,20533182
1019,James Cook University,2021,QLD,IRU,RTP,13828630
3020,La Trobe University,2021,VIC,IRU,RSP,34208263
3020,La Trobe University,2021,VIC,IRU,RTP,19474602
3025,Macquarie University,2021,NSW,non-aligned,RSP,35156455
3025,Macquarie University,2021,NSW,non-aligned,RTP,30649639
3035,Monash University,2021,VIC,Go8,RSP,191601823
3035,Monash University,2021,VIC,Go8,RTP,95438167
1034,Murdoch University,2021,WA,IRU,RSP,16617117
1034,Murdoch University,2021,WA,IRU,RTP,10246001
3042,Queensland University of Technology,2021,QLD,non-aligned,RSP,42026223
3042,Queensland University of Technology,2021,QLD,non-aligned,RTP,30830953
3034,Royal Melbourne Institute of Technology,2021,VIC,ATN,RSP,25916058
3034,Royal Melbourne Institute of Technology,2021,VIC,ATN,RTP,22010716
3038,Southern Cross University,2021,NSW,RUN,RSP,5964630
3038,Southern Cross University,2021,NSW,RUN,RTP,4119561
2177,Swinburne University of Technology,2021,VIC,non-aligned,RSP,17513339
2177,Swinburne University of Technology,2021,VIC,non-aligned,RTP,12706919
3033,The Australian National University,2021,ACT,Go8,RSP,137960149
3033,The Australian National University,2021,ACT,Go8,RTP,59495907
3010,The University of Adelaide,2021,SA,Go8,RSP,81891083
3010,The University of Adelaide,2021,SA,Go8,RTP,46850222
3036,The University of Melbourne,2021,VIC,Go8,RSP,214514060
3036,The University of Melbourne,2021,VIC,Go8,RTP,106567611
3044,The University of Notre Dame Australia,2021,WA,non-aligned,RSP,1129812
3044,The University of Notre Dame Australia,2021,WA,non-aligned,RTP,1214150
3019,The University of Queensland,2021,QLD,Go8,RSP,190500856
3019,The University of Queensland,2021,QLD,Go8,RTP,97299757
3040,The University of Sydney,2021,NSW,Go8,RSP,182577301
3040,The University of Sydney,2021,NSW,Go8,RTP,91933059
1055,The University of Western Australia,2021,WA,Go8,RSP,86414984
1055,The University of Western Australia,2021,WA,Go8,RTP,46116371
4449,Torrens University Australia,2021,SA,non-aligned,RSP,419459
4449,Torrens University Australia,2021,SA,non-aligned,RTP,130751
2241,University of Canberra,2021,ACT,IRU,RSP,8188805
2241,University of Canberra,2021,ACT,IRU,RTP,5118839
4331,University of Divinity,2021,VIC,non-aligned,RSP,1187746
4331,University of Divinity,2021,VIC,non-aligned,RTP,819980
3039,University of New England,2021,NSW,RUN,RSP,15640181
3039,University of New England,2021,NSW,RUN,RTP,9083459
3013,University of New South Wales,2021,NSW,Go8,RSP,192211278
3013,University of New South Wales,2021,NSW,Go8,RTP,94094591
3014,University of Newcastle,2021,NSW,ATN,RSP,48365335
3014,University of Newcastle,2021,NSW,ATN,RTP,25840587
3027,University of South Australia,2021,SA,ATN,RSP,34821818
3027,University of South Australia,2021,SA,ATN,RTP,19005310
2201,University of Southern Queensland,2021,QLD,RUN,RSP,9431967
2201,University of Southern Queensland,2021,QLD,RUN,RTP,6030159
3045,University of Tasmania,2021,TAS,non-aligned,RSP,42895827
3045,University of Tasmania,2021,TAS,non-aligned,RTP,25397277
3016,University of Technology Sydney,2021,NSW,ATN,RSP,34008775
3016,University of Technology Sydney,2021,NSW,ATN,RTP,20195726
3043,University of the Sunshine Coast,2021,QLD,RUN,RSP,11751441
3043,University of the Sunshine Coast,2021,QLD,RUN,RTP,4597473
1058,University of Wollongong,2021,NSW,non-aligned,RSP,32008608
1058,University of Wollongong,2021,NSW,non-aligned,RTP,24183666
3007,Victoria University,2021,VIC,non-aligned,RSP,7304456
3007,Victoria University,2021,VIC,non-aligned,RTP,7385389
3004,Western Sydney University,2021,NSW,IRU,RSP,17594263
3004,Western Sydney University,2021,NSW,IRU,RTP,12467369
3006,Australian Catholic University,2020,OTHER,non-aligned,RSP,3145918
3006,Australian Catholic University,2020,OTHER,non-aligned,RTP,3933890
2246,Batchelor Institute of Indigenous Tertiary Education,2020,NT,non-aligned,RSP,128222
2246,Batchelor Institute of Indigenous Tertiary Education,2020,NT,non-aligned,RTP,122078
3003,Bond University ,2020,QLD,non-aligned,RSP,1747312
3003,Bond University ,2020,QLD,non-aligned,RTP,1879535
2200,Central Queensland University,2020,QLD,RUN,RSP,2637762
2200,Central Queensland University,2020,QLD,RUN,RTP,3670417
3001,Charles Darwin University,2020,NT,non-aligned,RSP,10651336
3001,Charles Darwin University,2020,NT,non-aligned,RTP,7646784
3005,Charles Sturt University,2020,NSW,RUN,RSP,3305904
3005,Charles Sturt University,2020,NSW,RUN,RTP,6278059
2236,Curtin University,2020,WA,ATN,RSP,20843454
2236,Curtin University,2020,WA,ATN,RTP,27169347
3030,Deakin University,2020,VIC,ATN,RSP,14183638
3030,Deakin University,2020,VIC,ATN,RTP,19988998
2235,Edith Cowan University,2020,WA,non-aligned,RSP,3846643
2235,Edith Cowan University,2020,WA,non-aligned,RTP,6747402
2154,Federation University Australia,2020,VIC,RUN,RSP,1451170
2154,Federation University Australia,2020,VIC,RUN,RTP,2196126
3029,Flinders University,2020,SA,IRU,RSP,11244578
3029,Flinders University,2020,SA,IRU,RTP,15105973
3032,Griffith University,2020,QLD,IRU,RSP,16763936
3032,Griffith University,2020,QLD,IRU,RTP,24663393
1019,James Cook University,2020,QLD,IRU,RSP,11436832
1019,James Cook University,2020,QLD,IRU,RTP,14143783
3020,La Trobe University,2020,VIC,IRU,RSP,16413450
3020,La Trobe University,2020,VIC,IRU,RTP,18931954
3025,Macquarie University,2020,NSW,non-aligned,RSP,15810498
3025,Macquarie University,2020,NSW,non-aligned,RTP,29620984
3035,Monash University,2020,VIC,Go8,RSP,84941797
3035,Monash University,2020,VIC,Go8,RTP,91723989
1034,Murdoch University,2020,WA,IRU,RSP,7322940
1034,Murdoch University,2020,WA,IRU,RTP,9976344
3042,Queensland University of Technology,2020,QLD,non-aligned,RSP,21570609
3042,Queensland University of Technology,2020,QLD,non-aligned,RTP,30903416
3034,Royal Melbourne Institute of Technology,2020,VIC,ATN,RSP,11899488
3034,Royal Melbourne Institute of Technology,2020,VIC,ATN,RTP,21525865
3038,Southern Cross University,2020,NSW,RUN,RSP,2904809
3038,Southern Cross University,2020,NSW,RUN,RTP,4204354
2177,Swinburne University of Technology,2020,VIC,non-aligned,RSP,7282495
2177,Swinburne University of Technology,2020,VIC,non-aligned,RTP,11849456
3033,The Australian National University,2020,ACT,Go8,RSP,67057803
3033,The Australian National University,2020,ACT,Go8,RTP,59083721
3010,The University of Adelaide,2020,SA,Go8,RSP,39619864
3010,The University of Adelaide,2020,SA,Go8,RTP,46680414
3036,The University of Melbourne,2020,VIC,Go8,RSP,106971353
3036,The University of Melbourne,2020,VIC,Go8,RTP,103597249
3044,The University of Notre Dame Australia,2020,WA,non-aligned,RSP,662587
3044,The University of Notre Dame Australia,2020,WA,non-aligned,RTP,1052269
3019,The University of Queensland,2020,QLD,Go8,RSP,87536099
3019,The University of Queensland,2020,QLD,Go8,RTP,95936204
3040,The University of Sydney,2020,NSW,Go8,RSP,84957930
3040,The University of Sydney,2020,NSW,Go8,RTP,93517054
1055,The University of Western Australia,2020,WA,Go8,RSP,42276043
1055,The University of Western Australia,2020,WA,Go8,RTP,46593725
4449,Torrens University Australia,2020,SA,non-aligned,RSP,191603
4449,Torrens University Australia,2020,SA,non-aligned,RTP,101887
2241,University of Canberra,2020,ACT,IRU,RSP,3681873
2241,University of Canberra,2020,ACT,IRU,RTP,5022127
4331,University of Divinity,2020,VIC,non-aligned,RSP,649488
4331,University of Divinity,2020,VIC,non-aligned,RTP,831669
3039,University of New England,2020,NSW,RUN,RSP,7547147
3039,University of New England,2020,NSW,RUN,RTP,9114384
3013,University of New South Wales,2020,NSW,Go8,RSP,86796052
3013,University of New South Wales,2020,NSW,Go8,RTP,91086046
3014,University of Newcastle,2020,NSW,ATN,RSP,23147160
3014,University of Newcastle,2020,NSW,ATN,RTP,25194502
3027,University of South Australia,2020,SA,ATN,RSP,16903308
3027,University of South Australia,2020,SA,ATN,RTP,19622443
2201,University of Southern Queensland,2020,QLD,RUN,RSP,3705175
2201,University of Southern Queensland,2020,QLD,RUN,RTP,5569228
3045,University of Tasmania,2020,TAS,non-aligned,RSP,21957533
3045,University of Tasmania,2020,TAS,non-aligned,RTP,25009391
3016,University of Technology Sydney,2020,NSW,ATN,RSP,14408099
3016,University of Technology Sydney,2020,NSW,ATN,RTP,18602644
3043,University of the Sunshine Coast,2020,QLD,RUN,RSP,4685235
3043,University of the Sunshine Coast,2020,QLD,RUN,RTP,3739106
1058,University of Wollongong,2020,NSW,non-aligned,RSP,15737306
1058,University of Wollongong,2020,NSW,non-aligned,RTP,23692889
3007,Victoria University,2020,VIC,non-aligned,RSP,3901001
3007,Victoria University,2020,VIC,non-aligned,RTP,7496506
3004,Western Sydney University,2020,NSW,IRU,RSP,8182221
3004,Western Sydney University,2020,NSW,IRU,RTP,11745665
3006,Australian Catholic University,2019,OTHER,non-aligned,RSP,3252940
3006,Australian Catholic University,2019,OTHER,non-aligned,RTP,3856906
2246,Batchelor Institute of Indigenous Tertiary Education,2019,NT,non-aligned,RSP,132584
2246,Batchelor Institute of Indigenous Tertiary Education,2019,NT,non-aligned,RTP,127117
3003,Bond University ,2019,QLD,non-aligned,RSP,1806754
3003,Bond University ,2019,QLD,non-aligned,RTP,1882409
2200,Central Queensland University,2019,QLD,RUN,RSP,2447793
2200,Central Queensland University,2019,QLD,RUN,RTP,3600656
3001,Charles Darwin University,2019,NT,non-aligned,RSP,10746727
3001,Charles Darwin University,2019,NT,non-aligned,RTP,7496422
3005,Charles Sturt University,2019,NSW,RUN,RSP,3418368
3005,Charles Sturt University,2019,NSW,RUN,RTP,6356780
2236,Curtin University,2019,WA,ATN,RSP,20353313
2236,Curtin University,2019,WA,ATN,RTP,26300178
3030,Deakin University,2019,VIC,ATN,RSP,13026406
3030,Deakin University,2019,VIC,ATN,RTP,19751088
2235,Edith Cowan University,2019,WA,non-aligned,RSP,3977503
2235,Edith Cowan University,2019,WA,non-aligned,RTP,6773116
2154,Federation University Australia,2019,VIC,RUN,RSP,1500538
2154,Federation University Australia,2019,VIC,RUN,RTP,2124204
3029,Flinders University,2019,SA,IRU,RSP,11627110
3029,Flinders University,2019,SA,IRU,RTP,15171865
3032,Griffith University,2019,QLD,IRU,RSP,17191513
3032,Griffith University,2019,QLD,IRU,RTP,23905484
1019,James Cook University,2019,QLD,IRU,RSP,11825904
1019,James Cook University,2019,QLD,IRU,RTP,14277427
3020,La Trobe University,2019,VIC,IRU,RSP,15892531
3020,La Trobe University,2019,VIC,IRU,RTP,18340530
3025,Macquarie University,2019,NSW,non-aligned,RSP,15794885
3025,Macquarie University,2019,NSW,non-aligned,RTP,28464054
3035,Monash University,2019,VIC,Go8,RSP,81856685
3035,Monash University,2019,VIC,Go8,RTP,88128795
1034,Murdoch University,2019,WA,IRU,RSP,7572061
1034,Murdoch University,2019,WA,IRU,RTP,9741486
3042,Queensland University of Technology,2019,QLD,non-aligned,RSP,21988706
3042,Queensland University of Technology,2019,QLD,non-aligned,RTP,30583173
3034,Royal Melbourne Institute of Technology,2019,VIC,ATN,RSP,12292865
3034,Royal Melbourne Institute of Technology,2019,VIC,ATN,RTP,21145932
3038,Southern Cross University,2019,NSW,RUN,RSP,3003628
3038,Southern Cross University,2019,NSW,RUN,RTP,4241145
2177,Swinburne University of Technology,2019,VIC,non-aligned,RSP,6600469
2177,Swinburne University of Technology,2019,VIC,non-aligned,RTP,11273569
3033,The Australian National University,2019,ACT,Go8,RSP,65417477
3033,The Australian National University,2019,ACT,Go8,RTP,57768490
3010,The University of Adelaide,2019,SA,Go8,RSP,39130978
3010,The University of Adelaide,2019,SA,Go8,RTP,46227219
3036,The University of Melbourne,2019,VIC,Go8,RSP,104591926
3036,The University of Melbourne,2019,VIC,Go8,RTP,99880895
3044,The University of Notre Dame Australia,2019,WA,non-aligned,RSP,685128
3044,The University of Notre Dame Australia,2019,WA,non-aligned,RTP,862242
3019,The University of Queensland,2019,QLD,Go8,RSP,86477868
3019,The University of Queensland,2019,QLD,Go8,RTP,95788078
3040,The University of Sydney,2019,NSW,Go8,RSP,84034177
3040,The University of Sydney,2019,NSW,Go8,RTP,95918046
1055,The University of Western Australia,2019,WA,Go8,RSP,43714242
1055,The University of Western Australia,2019,WA,Go8,RTP,47405537
4449,Torrens University Australia,2019,SA,non-aligned,RSP,158799
4449,Torrens University Australia,2019,SA,non-aligned,RTP,69046
2241,University of Canberra,2019,ACT,IRU,RSP,3807127
2241,University of Canberra,2019,ACT,IRU,RTP,5031575
4331,University of Divinity,2019,VIC,non-aligned,RSP,671583
4331,University of Divinity,2019,VIC,non-aligned,RTP,888184
3039,University of New England,2019,NSW,RUN,RSP,7363977
3039,University of New England,2019,NSW,RUN,RTP,9093954
3013,University of New South Wales,2019,NSW,Go8,RSP,82834562
3013,University of New South Wales,2019,NSW,Go8,RTP,88663435
3014,University of Newcastle,2019,NSW,ATN,RSP,22658494
3014,University of Newcastle,2019,NSW,ATN,RTP,24388898
3027,University of South Australia,2019,SA,ATN,RSP,15997864
3027,University of South Australia,2019,SA,ATN,RTP,19633827
2201,University of Southern Queensland,2019,QLD,RUN,RSP,3307018
2201,University of Southern Queensland,2019,QLD,RUN,RTP,5309944
3045,University of Tasmania,2019,TAS,non-aligned,RSP,22704511
3045,University of Tasmania,2019,TAS,non-aligned,RTP,24664377
3016,University of Technology Sydney,2019,NSW,ATN,RSP,13263380
3016,University of Technology Sydney,2019,NSW,ATN,RTP,17385148
3043,University of the Sunshine Coast,2019,QLD,RUN,RSP,3960627
3043,University of the Sunshine Coast,2019,QLD,RUN,RTP,3112889
1058,University of Wollongong,2019,NSW,non-aligned,RSP,14853389
1058,University of Wollongong,2019,NSW,non-aligned,RTP,22840259
3007,Victoria University,2019,VIC,non-aligned,RSP,4033710
3007,Victoria University,2019,VIC,non-aligned,RTP,7474404
3004,Western Sydney University,2019,NSW,IRU,RSP,8039274
3004,Western Sydney University,2019,NSW,IRU,RTP,11134979
3006,Australian Catholic University,2018,OTHER,non-aligned,RSP,3424147
3006,Australian Catholic University,2018,OTHER,non-aligned,RTP,3770671
2246,Batchelor Institute of Indigenous Tertiary Education,2018,NT,non-aligned,RSP,139562
2246,Batchelor Institute of Indigenous Tertiary Education,2018,NT,non-aligned,RTP,148107
3003,Bond University ,2018,QLD,non-aligned,RSP,1901846
3003,Bond University ,2018,QLD,non-aligned,RTP,1892995
2200,Central Queensland University,2018,QLD,RUN,RSP,2377497
2200,Central Queensland University,2018,QLD,RUN,RTP,3404329
3001,Charles Darwin University,2018,NT,non-aligned,RSP,9899338
3001,Charles Darwin University,2018,NT,non-aligned,RTP,7267253
3005,Charles Sturt University,2018,NSW,RUN,RSP,3598282
3005,Charles Sturt University,2018,NSW,RUN,RTP,6378816
2236,Curtin University,2018,WA,ATN,RSP,19743695
2236,Curtin University,2018,WA,ATN,RTP,25859194
3030,Deakin University,2018,VIC,ATN,RSP,11699961
3030,Deakin University,2018,VIC,ATN,RTP,19598296
2235,Edith Cowan University,2018,WA,non-aligned,RSP,4186845
2235,Edith Cowan University,2018,WA,non-aligned,RTP,7105273
2154,Federation University Australia,2018,VIC,RUN,RSP,1579514
2154,Federation University Australia,2018,VIC,RUN,RTP,2169677
3029,Flinders University,2018,SA,IRU,RSP,12239063
3029,Flinders University,2018,SA,IRU,RTP,15608881
3032,Griffith University,2018,QLD,IRU,RSP,17281534
3032,Griffith University,2018,QLD,IRU,RTP,23169577
1019,James Cook University,2018,QLD,IRU,RSP,12448320
1019,James Cook University,2018,QLD,IRU,RTP,14428018
3020,La Trobe University,2018,VIC,IRU,RSP,15060424
3020,La Trobe University,2018,VIC,IRU,RTP,18381832
3025,Macquarie University,2018,NSW,non-aligned,RSP,16014727
3025,Macquarie University,2018,NSW,non-aligned,RTP,27882585
3035,Monash University,2018,VIC,Go8,RSP,83173107
3035,Monash University,2018,VIC,Go8,RTP,87173023
1034,Murdoch University,2018,WA,IRU,RSP,7970591
1034,Murdoch University,2018,WA,IRU,RTP,9848575
3042,Queensland University of Technology,2018,QLD,non-aligned,RSP,22596657
3042,Queensland University of Technology,2018,QLD,non-aligned,RTP,30990812
3034,Royal Melbourne Institute of Technology,2018,VIC,ATN,RSP,12939858
3034,Royal Melbourne Institute of Technology,2018,VIC,ATN,RTP,21264947
3038,Southern Cross University,2018,NSW,RUN,RSP,3161714
3038,Southern Cross University,2018,NSW,RUN,RTP,4356094
2177,Swinburne University of Technology,2018,VIC,non-aligned,RSP,6578598
2177,Swinburne University of Technology,2018,VIC,non-aligned,RTP,11474972
3033,The Australian National University,2018,ACT,Go8,RSP,63101108
3033,The Australian National University,2018,ACT,Go8,RTP,57139186
3010,The University of Adelaide,2018,SA,Go8,RSP,41190503
3010,The University of Adelaide,2018,SA,Go8,RTP,46864184
3036,The University of Melbourne,2018,VIC,Go8,RSP,99177690
3036,The University of Melbourne,2018,VIC,Go8,RTP,98127748
3044,The University of Notre Dame Australia,2018,WA,non-aligned,RSP,721187
3044,The University of Notre Dame Australia,2018,WA,non-aligned,RTP,829351
3019,The University of Queensland,2018,QLD,Go8,RSP,90585215
3019,The University of Queensland,2018,QLD,Go8,RTP,96436308
3040,The University of Sydney,2018,NSW,Go8,RSP,88047781
3040,The University of Sydney,2018,NSW,Go8,RTP,97508015
1055,The University of Western Australia,2018,WA,Go8,RSP,46014991
1055,The University of Western Australia,2018,WA,Go8,RTP,48456942
4449,Torrens University Australia,2018,SA,non-aligned,RSP,65054
4449,Torrens University Australia,2018,SA,non-aligned,RTP,45776
2241,University of Canberra,2018,ACT,IRU,RSP,4007502
2241,University of Canberra,2018,ACT,IRU,RTP,5140501
4331,University of Divinity,2018,VIC,non-aligned,RSP,665961
4331,University of Divinity,2018,VIC,non-aligned,RTP,909458
3039,University of New England,2018,NSW,RUN,RSP,7272094
3039,University of New England,2018,NSW,RUN,RTP,9072274
3013,University of New South Wales,2018,NSW,Go8,RSP,79763515
3013,University of New South Wales,2018,NSW,Go8,RTP,89661819
3014,University of Newcastle,2018,NSW,ATN,RSP,22159482
3014,University of Newcastle,2018,NSW,ATN,RTP,24081639
3027,University of South Australia,2018,SA,ATN,RSP,15314195
3027,University of South Australia,2018,SA,ATN,RTP,19756278
2201,University of Southern Queensland,2018,QLD,RUN,RSP,3282131
2201,University of Southern Queensland,2018,QLD,RUN,RTP,5294434
3045,University of Tasmania,2018,TAS,non-aligned,RSP,23437114
3045,University of Tasmania,2018,TAS,non-aligned,RTP,24642801
3016,University of Technology Sydney,2018,NSW,ATN,RSP,12496009
3016,University of Technology Sydney,2018,NSW,ATN,RTP,17081143
3043,University of the Sunshine Coast,2018,QLD,RUN,RSP,3222366
3043,University of the Sunshine Coast,2018,QLD,RUN,RTP,2776828
1058,University of Wollongong,2018,NSW,non-aligned,RSP,13744241
1058,University of Wollongong,2018,NSW,non-aligned,RTP,22740798
3007,Victoria University,2018,VIC,non-aligned,RSP,4246011
3007,Victoria University,2018,VIC,non-aligned,RTP,7478587
3004,Western Sydney University,2018,NSW,IRU,RSP,7485964
3004,Western Sydney University,2018,NSW,IRU,RTP,10865765
3006,Australian Catholic University,2017,OTHER,non-aligned,RSP,3543489
3006,Australian Catholic University,2017,OTHER,non-aligned,RTP,3540319
2246,Batchelor Institute of Indigenous Tertiary Education,2017,NT,non-aligned,RSP,144426
2246,Batchelor Institute of Indigenous Tertiary Education,2017,NT,non-aligned,RTP,185163
3003,Bond University ,2017,QLD,non-aligned,RSP,1968131
3003,Bond University ,2017,QLD,non-aligned,RTP,1850761
2200,Central Queensland University,2017,QLD,RUN,RSP,2460360
2200,Central Queensland University,2017,QLD,RUN,RTP,3344697
3001,Charles Darwin University,2017,NT,non-aligned,RSP,9228297
3001,Charles Darwin University,2017,NT,non-aligned,RTP,6968693
3005,Charles Sturt University,2017,NSW,RUN,RSP,3723693
3005,Charles Sturt University,2017,NSW,RUN,RTP,6168180
2236,Curtin University,2017,WA,ATN,RSP,18780200
2236,Curtin University,2017,WA,ATN,RTP,25318208
3030,Deakin University,2017,VIC,ATN,RSP,11291176
3030,Deakin University,2017,VIC,ATN,RTP,19018960
2235,Edith Cowan University,2017,WA,non-aligned,RSP,4332769
2235,Edith Cowan University,2017,WA,non-aligned,RTP,7304450
2154,Federation University Australia,2017,VIC,RUN,RSP,1634565
2154,Federation University Australia,2017,VIC,RUN,RTP,2229434
3029,Flinders University,2017,SA,IRU,RSP,12403898
3029,Flinders University,2017,SA,IRU,RTP,15603441
3032,Griffith University,2017,QLD,IRU,RSP,16515053
3032,Griffith University,2017,QLD,IRU,RTP,22303418
1019,James Cook University,2017,QLD,IRU,RSP,12882181
1019,James Cook University,2017,QLD,IRU,RTP,14167548
3020,La Trobe University,2017,VIC,IRU,RSP,13556996
3020,La Trobe University,2017,VIC,IRU,RTP,18188206
3025,Macquarie University,2017,NSW,non-aligned,RSP,15386742
3025,Macquarie University,2017,NSW,non-aligned,RTP,26183178
3035,Monash University,2017,VIC,Go8,RSP,81367573
3035,Monash University,2017,VIC,Go8,RTP,84211508
1034,Murdoch University,2017,WA,IRU,RSP,8248390
1034,Murdoch University,2017,WA,IRU,RTP,10039304
3042,Queensland University of Technology,2017,QLD,non-aligned,RSP,21898265
3042,Queensland University of Technology,2017,QLD,non-aligned,RTP,30847741
3034,Royal Melbourne Institute of Technology,2017,VIC,ATN,RSP,13390851
3034,Royal Melbourne Institute of Technology,2017,VIC,ATN,RTP,21285641
3038,Southern Cross University,2017,NSW,RUN,RSP,3271909
3038,Southern Cross University,2017,NSW,RUN,RTP,4416941
2177,Swinburne University of Technology,2017,VIC,non-aligned,RSP,6807882
2177,Swinburne University of Technology,2017,VIC,non-aligned,RTP,11637087
3033,The Australian National University,2017,ACT,Go8,RSP,59658169
3033,The Australian National University,2017,ACT,Go8,RTP,55887941
3010,The University of Adelaide,2017,SA,Go8,RSP,42626115
3010,The University of Adelaide,2017,SA,Go8,RTP,46569225
3036,The University of Melbourne,2017,VIC,Go8,RSP,95494543
3036,The University of Melbourne,2017,VIC,Go8,RTP,95762452
3044,The University of Notre Dame Australia,2017,WA,non-aligned,RSP,746323
3044,The University of Notre Dame Australia,2017,WA,non-aligned,RTP,819367
3019,The University of Queensland,2017,QLD,Go8,RSP,89973213
3019,The University of Queensland,2017,QLD,Go8,RTP,94632784
3040,The University of Sydney,2017,NSW,Go8,RSP,87161024
3040,The University of Sydney,2017,NSW,Go8,RTP,97465365
1055,The University of Western Australia,2017,WA,Go8,RSP,47100394
1055,The University of Western Australia,2017,WA,Go8,RTP,47829133
4449,Torrens University Australia,2017,SA,non-aligned,RSP,11570
4449,Torrens University Australia,2017,SA,non-aligned,RTP,38872
2241,University of Canberra,2017,ACT,IRU,RSP,4147175
2241,University of Canberra,2017,ACT,IRU,RTP,5145247
4331,University of Divinity,2017,VIC,non-aligned,RSP,580418
4331,University of Divinity,2017,VIC,non-aligned,RTP,934113
3039,University of New England,2017,NSW,RUN,RSP,7425039
3039,University of New England,2017,NSW,RUN,RTP,8913576
3013,University of New South Wales,2017,NSW,Go8,RSP,78445698
3013,University of New South Wales,2017,NSW,Go8,RTP,90616087
3014,University of Newcastle,2017,NSW,ATN,RSP,21052892
3014,University of Newcastle,2017,NSW,ATN,RTP,23386843
3027,University of South Australia,2017,SA,ATN,RSP,15847940
3027,University of South Australia,2017,SA,ATN,RTP,19846932
2201,University of Southern Queensland,2017,QLD,RUN,RSP,3068354
2201,University of Southern Queensland,2017,QLD,RUN,RTP,5244951
3045,University of Tasmania,2017,TAS,non-aligned,RSP,22219593
3045,University of Tasmania,2017,TAS,non-aligned,RTP,24257491
3016,University of Technology Sydney,2017,NSW,ATN,RSP,11657496
3016,University of Technology Sydney,2017,NSW,ATN,RTP,16689029
3043,University of the Sunshine Coast,2017,QLD,RUN,RSP,2726377
3043,University of the Sunshine Coast,2017,QLD,RUN,RTP,2428891
1058,University of Wollongong,2017,NSW,non-aligned,RSP,14117432
1058,University of Wollongong,2017,NSW,non-aligned,RTP,22680303
3007,Victoria University,2017,VIC,non-aligned,RSP,4393997
3007,Victoria University,2017,VIC,non-aligned,RTP,7310502
3004,Western Sydney University,2017,NSW,IRU,RSP,7625168
3004,Western Sydney University,2017,NSW,IRU,RTP,10633202
3006,Australian Catholic University,2016,OTHER,non-aligned,APA,1109254
3006,Australian Catholic University,2016,OTHER,non-aligned,IPRS,68599
3006,Australian Catholic University,2016,OTHER,non-aligned,RIBG,678296
3006,Australian Catholic University,2016,OTHER,non-aligned,RTS,2289095
3006,Australian Catholic University,2016,OTHER,non-aligned,JRE,1778385
3006,Australian Catholic University,2016,OTHER,non-aligned,SRE,1012051
2246,Batchelor Institute of Indigenous Tertiary Education,2016,NT,non-aligned,APA,81311
2246,Batchelor Institute of Indigenous Tertiary Education,2016,NT,non-aligned,RIBG,2165
2246,Batchelor Institute of Indigenous Tertiary Education,2016,NT,non-aligned,RTS,135048
2246,Batchelor Institute of Indigenous Tertiary Education,2016,NT,non-aligned,JRE,134326
2246,Batchelor Institute of Indigenous Tertiary Education,2016,NT,non-aligned,SRE,4888
3003,Bond University ,2016,QLD,non-aligned,APA,605222
3003,Bond University ,2016,QLD,non-aligned,IPRS,68599
3003,Bond University ,2016,QLD,non-aligned,RIBG,372228
3003,Bond University ,2016,QLD,non-aligned,RTS,1251405
3003,Bond University ,2016,QLD,non-aligned,JRE,751199
3003,Bond University ,2016,QLD,non-aligned,SRE,803182
2200,Central Queensland University,2016,QLD,RUN,APA,1107364
2200,Central Queensland University,2016,QLD,RUN,IPRS,68599
2200,Central Queensland University,2016,QLD,RUN,RIBG,219641
2200,Central Queensland University,2016,QLD,RUN,RTS,2367055
2200,Central Queensland University,2016,QLD,RUN,JRE,1692877
2200,Central Queensland University,2016,QLD,RUN,SRE,495936
3001,Charles Darwin University,2016,NT,non-aligned,APA,1873537
3001,Charles Darwin University,2016,NT,non-aligned,IPRS,137197
3001,Charles Darwin University,2016,NT,non-aligned,RIBG,2509381
3001,Charles Darwin University,2016,NT,non-aligned,RTS,4645036
3001,Charles Darwin University,2016,NT,non-aligned,JRE,3250168
3001,Charles Darwin University,2016,NT,non-aligned,SRE,2142839
3005,Charles Sturt University,2016,NSW,RUN,APA,1853439
3005,Charles Sturt University,2016,NSW,RUN,IPRS,137197
3005,Charles Sturt University,2016,NSW,RUN,RIBG,861389
3005,Charles Sturt University,2016,NSW,RUN,RTS,4075843
3005,Charles Sturt University,2016,NSW,RUN,JRE,1742041
3005,Charles Sturt University,2016,NSW,RUN,SRE,1041704
2236,Curtin University,2016,WA,ATN,APA,7216747
2236,Curtin University,2016,WA,ATN,IPRS,568164
2236,Curtin University,2016,WA,ATN,RIBG,4062747
2236,Curtin University,2016,WA,ATN,RTS,16967488
2236,Curtin University,2016,WA,ATN,JRE,9436288
2236,Curtin University,2016,WA,ATN,SRE,3039105
3030,Deakin University,2016,VIC,ATN,APA,5224115
3030,Deakin University,2016,VIC,ATN,IPRS,401118
3030,Deakin University,2016,VIC,ATN,RIBG,3345385
3030,Deakin University,2016,VIC,ATN,RTS,12422795
3030,Deakin University,2016,VIC,ATN,JRE,5021762
3030,Deakin University,2016,VIC,ATN,SRE,2685818
2235,Edith Cowan University,2016,WA,non-aligned,APA,2272380
2235,Edith Cowan University,2016,WA,non-aligned,IPRS,175947
2235,Edith Cowan University,2016,WA,non-aligned,RIBG,626759
2235,Edith Cowan University,2016,WA,non-aligned,RTS,4792179
2235,Edith Cowan University,2016,WA,non-aligned,JRE,2683169
2235,Edith Cowan University,2016,WA,non-aligned,SRE,931432
2154,Federation University Australia,2016,VIC,RUN,APA,685802
2154,Federation University Australia,2016,VIC,RUN,IPRS,68599
2154,Federation University Australia,2016,VIC,RUN,RIBG,188121
2154,Federation University Australia,2016,VIC,RUN,RTS,1639577
2154,Federation University Australia,2016,VIC,RUN,JRE,987192
2154,Federation University Australia,2016,VIC,RUN,SRE,424767
3029,Flinders University,2016,SA,IRU,APA,4519070
3029,Flinders University,2016,SA,IRU,IPRS,342993
3029,Flinders University,2016,SA,IRU,RIBG,2881098
3029,Flinders University,2016,SA,IRU,RTS,10886249
3029,Flinders University,2016,SA,IRU,JRE,6844011
3029,Flinders University,2016,SA,IRU,SRE,2195828
3032,Griffith University,2016,QLD,IRU,APA,6577392
3032,Griffith University,2016,QLD,IRU,IPRS,510038
3032,Griffith University,2016,QLD,IRU,RIBG,4194597
3032,Griffith University,2016,QLD,IRU,RTS,15239443
3032,Griffith University,2016,QLD,IRU,JRE,8294498
3032,Griffith University,2016,QLD,IRU,SRE,3252615
1019,James Cook University,2016,QLD,IRU,APA,3795124
1019,James Cook University,2016,QLD,IRU,IPRS,290627
1019,James Cook University,2016,QLD,IRU,RIBG,3332943
1019,James Cook University,2016,QLD,IRU,RTS,9581781
1019,James Cook University,2016,QLD,IRU,JRE,5370121
1019,James Cook University,2016,QLD,IRU,SRE,2715884
3020,La Trobe University,2016,VIC,IRU,APA,5706563
3020,La Trobe University,2016,VIC,IRU,IPRS,450342
3020,La Trobe University,2016,VIC,IRU,RIBG,2091639
3020,La Trobe University,2016,VIC,IRU,RTS,11789005
3020,La Trobe University,2016,VIC,IRU,JRE,7532318
3020,La Trobe University,2016,VIC,IRU,SRE,1887024
3025,Macquarie University,2016,NSW,non-aligned,APA,7295195
3025,Macquarie University,2016,NSW,non-aligned,IPRS,554549
3025,Macquarie University,2016,NSW,non-aligned,RIBG,4866614
3025,Macquarie University,2016,NSW,non-aligned,RTS,16633975
3025,Macquarie University,2016,NSW,non-aligned,JRE,6465200
3025,Macquarie University,2016,NSW,non-aligned,SRE,3730312
3035,Monash University,2016,VIC,Go8,APA,22933947
3035,Monash University,2016,VIC,Go8,IPRS,1802938
3035,Monash University,2016,VIC,Go8,RIBG,24809984
3035,Monash University,2016,VIC,Go8,RTS,55823558
3035,Monash University,2016,VIC,Go8,JRE,29068206
3035,Monash University,2016,VIC,Go8,SRE,20721535
1034,Murdoch University,2016,WA,IRU,APA,2826965
1034,Murdoch University,2016,WA,IRU,IPRS,235644
1034,Murdoch University,2016,WA,IRU,RIBG,1646884
1034,Murdoch University,2016,WA,IRU,RTS,7504187
1034,Murdoch University,2016,WA,IRU,JRE,4921880
1034,Murdoch University,2016,WA,IRU,SRE,1505609
3042,Queensland University of Technology,2016,QLD,non-aligned,APA,9073735
3042,Queensland University of Technology,2016,QLD,non-aligned,IPRS,724736
3042,Queensland University of Technology,2016,QLD,non-aligned,RIBG,5088136
3042,Queensland University of Technology,2016,QLD,non-aligned,RTS,20739476
3042,Queensland University of Technology,2016,QLD,non-aligned,JRE,10697686
3042,Queensland University of Technology,2016,QLD,non-aligned,SRE,3843336
3034,Royal Melbourne Institute of Technology,2016,VIC,ATN,APA,6442687
3034,Royal Melbourne Institute of Technology,2016,VIC,ATN,IPRS,499565
3034,Royal Melbourne Institute of Technology,2016,VIC,ATN,RIBG,2274503
3034,Royal Melbourne Institute of Technology,2016,VIC,ATN,RTS,14147870
3034,Royal Melbourne Institute of Technology,2016,VIC,ATN,JRE,7926700
3034,Royal Melbourne Institute of Technology,2016,VIC,ATN,SRE,2086954
3038,Southern Cross University,2016,NSW,RUN,APA,1390554
3038,Southern Cross University,2016,NSW,RUN,IPRS,117822
3038,Southern Cross University,2016,NSW,RUN,RIBG,531557
3038,Southern Cross University,2016,NSW,RUN,RTS,3171582
3038,Southern Cross University,2016,NSW,RUN,JRE,1767920
3038,Southern Cross University,2016,NSW,RUN,SRE,903404
2177,Swinburne University of Technology,2016,VIC,non-aligned,APA,3148198
2177,Swinburne University of Technology,2016,VIC,non-aligned,IPRS,244546
2177,Swinburne University of Technology,2016,VIC,non-aligned,RIBG,1840746
2177,Swinburne University of Technology,2016,VIC,non-aligned,RTS,8333725
2177,Swinburne University of Technology,2016,VIC,non-aligned,JRE,3105820
2177,Swinburne University of Technology,2016,VIC,non-aligned,SRE,1717689
3033,The Australian National University,2016,ACT,Go8,APA,15485175
3033,The Australian National University,2016,ACT,Go8,IPRS,1248389
3033,The Australian National University,2016,ACT,Go8,RIBG,14453252
3033,The Australian National University,2016,ACT,Go8,RTS,37489075
3033,The Australian National University,2016,ACT,Go8,JRE,23708996
3033,The Australian National University,2016,ACT,Go8,SRE,12823099
3010,The University of Adelaide,2016,SA,Go8,APA,12260330
3010,The University of Adelaide,2016,SA,Go8,IPRS,973995
3010,The University of Adelaide,2016,SA,Go8,RIBG,13497135
3010,The University of Adelaide,2016,SA,Go8,RTS,32365079
3010,The University of Adelaide,2016,SA,Go8,JRE,16583051
3010,The University of Adelaide,2016,SA,Go8,SRE,11646642
3036,The University of Melbourne,2016,VIC,Go8,APA,26872793
3036,The University of Melbourne,2016,VIC,Go8,IPRS,2161116
3036,The University of Melbourne,2016,VIC,Go8,RIBG,30262551
3036,The University of Melbourne,2016,VIC,Go8,RTS,66016100
3036,The University of Melbourne,2016,VIC,Go8,JRE,32689583
3036,The University of Melbourne,2016,VIC,Go8,SRE,27049701
3044,The University of Notre Dame Australia,2016,WA,non-aligned,APA,250880
3044,The University of Notre Dame Australia,2016,WA,non-aligned,IPRS,68598
3044,The University of Notre Dame Australia,2016,WA,non-aligned,RIBG,45365
3044,The University of Notre Dame Australia,2016,WA,non-aligned,RTS,465968
3044,The University of Notre Dame Australia,2016,WA,non-aligned,JRE,582782
3044,The University of Notre Dame Australia,2016,WA,non-aligned,SRE,102431
3019,The University of Queensland,2016,QLD,Go8,APA,25437271
3019,The University of Queensland,2016,QLD,Go8,IPRS,2014493
3019,The University of Queensland,2016,QLD,Go8,RIBG,28993422
3019,The University of Queensland,2016,QLD,Go8,RTS,64398657
3019,The University of Queensland,2016,QLD,Go8,JRE,30016951
3019,The University of Queensland,2016,QLD,Go8,SRE,25794520
3040,The University of Sydney,2016,NSW,Go8,APA,27372932
3040,The University of Sydney,2016,NSW,Go8,IPRS,2205627
3040,The University of Sydney,2016,NSW,Go8,RIBG,27118545
3040,The University of Sydney,2016,NSW,Go8,RTS,67825528
3040,The University of Sydney,2016,NSW,Go8,JRE,33429420
3040,The University of Sydney,2016,NSW,Go8,SRE,22953249
1055,The University of Western Australia,2016,WA,Go8,APA,13368043
1055,The University of Western Australia,2016,WA,Go8,IPRS,1045212
1055,The University of Western Australia,2016,WA,Go8,RIBG,15187576
1055,The University of Western Australia,2016,WA,Go8,RTS,33121527
1055,The University of Western Australia,2016,WA,Go8,JRE,17654656
1055,The University of Western Australia,2016,WA,Go8,SRE,10942402
4449,Torrens University Australia,2016,SA,non-aligned,APA,26663
4449,Torrens University Australia,2016,SA,non-aligned,IPRS,19375
4449,Torrens University Australia,2016,SA,non-aligned,RTS,1424
4449,Torrens University Australia,2016,SA,non-aligned,JRE,2038
2241,University of Canberra,2016,ACT,IRU,APA,1645552
2241,University of Canberra,2016,ACT,IRU,IPRS,137197
2241,University of Canberra,2016,ACT,IRU,RIBG,716501
2241,University of Canberra,2016,ACT,IRU,RTS,3446432
2241,University of Canberra,2016,ACT,IRU,JRE,2369067
2241,University of Canberra,2016,ACT,IRU,SRE,974114
4331,University of Divinity,2016,VIC,non-aligned,APA,309853
4331,University of Divinity,2016,VIC,non-aligned,IPRS,68598
4331,University of Divinity,2016,VIC,non-aligned,RTS,674221
4331,University of Divinity,2016,VIC,non-aligned,JRE,471622
3039,University of New England,2016,NSW,RUN,APA,2601949
3039,University of New England,2016,NSW,RUN,IPRS,205796
3039,University of New England,2016,NSW,RUN,RIBG,1685451
3039,University of New England,2016,NSW,RUN,RTS,6102945
3039,University of New England,2016,NSW,RUN,JRE,3603189
3039,University of New England,2016,NSW,RUN,SRE,1578568
3013,University of New South Wales,2016,NSW,Go8,APA,24727726
3013,University of New South Wales,2016,NSW,Go8,IPRS,1969983
3013,University of New South Wales,2016,NSW,Go8,RIBG,21900302
3013,University of New South Wales,2016,NSW,Go8,RTS,63978996
3013,University of New South Wales,2016,NSW,Go8,JRE,33202018
3013,University of New South Wales,2016,NSW,Go8,SRE,18302761
3014,University of Newcastle,2016,NSW,ATN,APA,6621639
3014,University of Newcastle,2016,NSW,ATN,IPRS,518940
3014,University of Newcastle,2016,NSW,ATN,RIBG,5296773
3014,University of Newcastle,2016,NSW,ATN,RTS,15663458
3014,University of Newcastle,2016,NSW,ATN,JRE,9022292
3014,University of Newcastle,2016,NSW,ATN,SRE,4202705
3027,University of South Australia,2016,SA,ATN,APA,5973458
3027,University of South Australia,2016,SA,ATN,IPRS,480190
3027,University of South Australia,2016,SA,ATN,RIBG,3476822
3027,University of South Australia,2016,SA,ATN,RTS,13583028
3027,University of South Australia,2016,SA,ATN,JRE,8194785
3027,University of South Australia,2016,SA,ATN,SRE,3009632
2201,University of Southern Queensland,2016,QLD,RUN,APA,1577010
2201,University of Southern Queensland,2016,QLD,RUN,IPRS,137197
2201,University of Southern Queensland,2016,QLD,RUN,RIBG,458708
2201,University of Southern Queensland,2016,QLD,RUN,RTS,3584432
2201,University of Southern Queensland,2016,QLD,RUN,JRE,1668088
2201,University of Southern Queensland,2016,QLD,RUN,SRE,847792
3045,University of Tasmania,2016,TAS,non-aligned,APA,6635415
3045,University of Tasmania,2016,TAS,non-aligned,IPRS,529413
3045,University of Tasmania,2016,TAS,non-aligned,RIBG,5539307
3045,University of Tasmania,2016,TAS,non-aligned,RTS,16987707
3045,University of Tasmania,2016,TAS,non-aligned,JRE,9420680
3045,University of Tasmania,2016,TAS,non-aligned,SRE,4075754
3016,University of Technology Sydney,2016,NSW,ATN,APA,4856120
3016,University of Technology Sydney,2016,NSW,ATN,IPRS,375983
3016,University of Technology Sydney,2016,NSW,ATN,RIBG,2418415
3016,University of Technology Sydney,2016,NSW,ATN,RTS,11125144
3016,University of Technology Sydney,2016,NSW,ATN,JRE,6150746
3016,University of Technology Sydney,2016,NSW,ATN,SRE,2119293
3043,University of the Sunshine Coast,2016,QLD,RUN,APA,689537
3043,University of the Sunshine Coast,2016,QLD,RUN,IPRS,68598
3043,University of the Sunshine Coast,2016,QLD,RUN,RIBG,494127
3043,University of the Sunshine Coast,2016,QLD,RUN,RTS,1515581
3043,University of the Sunshine Coast,2016,QLD,RUN,JRE,1127569
3043,University of the Sunshine Coast,2016,QLD,RUN,SRE,866416
1058,University of Wollongong,2016,NSW,non-aligned,APA,6415085
1058,University of Wollongong,2016,NSW,non-aligned,IPRS,499565
1058,University of Wollongong,2016,NSW,non-aligned,RIBG,3873052
1058,University of Wollongong,2016,NSW,non-aligned,RTS,15408021
1058,University of Wollongong,2016,NSW,non-aligned,JRE,7110608
1058,University of Wollongong,2016,NSW,non-aligned,SRE,2835935
3007,Victoria University,2016,VIC,non-aligned,APA,2190338
3007,Victoria University,2016,VIC,non-aligned,IPRS,167045
3007,Victoria University,2016,VIC,non-aligned,RIBG,474036
3007,Victoria University,2016,VIC,non-aligned,RTS,4758776
3007,Victoria University,2016,VIC,non-aligned,JRE,2970443
3007,Victoria University,2016,VIC,non-aligned,SRE,856817
3004,Western Sydney University,2016,NSW,IRU,APA,3361142
3004,Western Sydney University,2016,NSW,IRU,IPRS,274394
3004,Western Sydney University,2016,NSW,IRU,RIBG,1895962
3004,Western Sydney University,2016,NSW,IRU,RTS,7071341
3004,Western Sydney University,2016,NSW,IRU,JRE,3815586
3004,Western Sydney University,2016,NSW,IRU,SRE,1752751
3006,Australian Catholic University,2015,OTHER,non-aligned,APA,1074349
3006,Australian Catholic University,2015,OTHER,non-aligned,IPRS,67452
3006,Australian Catholic University,2015,OTHER,non-aligned,RIBG,262862
3006,Australian Catholic University,2015,OTHER,non-aligned,RTS,2181633
3006,Australian Catholic University,2015,OTHER,non-aligned,JRE,1555477
3006,Australian Catholic University,2015,OTHER,non-aligned,SRE,535347
2246,Batchelor Institute of Indigenous Tertiary Education,2015,NT,non-aligned,APA,79970
2246,Batchelor Institute of Indigenous Tertiary Education,2015,NT,non-aligned,RIBG,2813
2246,Batchelor Institute of Indigenous Tertiary Education,2015,NT,non-aligned,RTS,139780
2246,Batchelor Institute of Indigenous Tertiary Education,2015,NT,non-aligned,JRE,138971
2246,Batchelor Institute of Indigenous Tertiary Education,2015,NT,non-aligned,SRE,5729
3003,Bond University ,2015,QLD,non-aligned,APA,581756
3003,Bond University ,2015,QLD,non-aligned,IPRS,67452
3003,Bond University ,2015,QLD,non-aligned,RIBG,258915
3003,Bond University ,2015,QLD,non-aligned,RTS,1164703
3003,Bond University ,2015,QLD,non-aligned,JRE,739838
3003,Bond University ,2015,QLD,non-aligned,SRE,527308
2200,Central Queensland University,2015,QLD,RUN,APA,1054738
2200,Central Queensland University,2015,QLD,RUN,IPRS,67452
2200,Central Queensland University,2015,QLD,RUN,RIBG,246391
2200,Central Queensland University,2015,QLD,RUN,RTS,2247768
2200,Central Queensland University,2015,QLD,RUN,JRE,1620389
2200,Central Queensland University,2015,QLD,RUN,SRE,501803
3001,Charles Darwin University,2015,NT,non-aligned,APA,1841681
3001,Charles Darwin University,2015,NT,non-aligned,IPRS,134904
3001,Charles Darwin University,2015,NT,non-aligned,RIBG,2581351
3001,Charles Darwin University,2015,NT,non-aligned,RTS,4560691
3001,Charles Darwin University,2015,NT,non-aligned,JRE,3320017
3001,Charles Darwin University,2015,NT,non-aligned,SRE,1938010
3005,Charles Sturt University,2015,NSW,RUN,APA,1745441
3005,Charles Sturt University,2015,NSW,RUN,IPRS,134904
3005,Charles Sturt University,2015,NSW,RUN,RIBG,819802
3005,Charles Sturt University,2015,NSW,RUN,RTS,3917559
3005,Charles Sturt University,2015,NSW,RUN,JRE,1684788
3005,Charles Sturt University,2015,NSW,RUN,SRE,944036
2236,Curtin University,2015,WA,ATN,APA,7001543
2236,Curtin University,2015,WA,ATN,IPRS,539615
2236,Curtin University,2015,WA,ATN,RIBG,3263916
2236,Curtin University,2015,WA,ATN,RTS,16558719
2236,Curtin University,2015,WA,ATN,JRE,9563904
2236,Curtin University,2015,WA,ATN,SRE,2301977
3030,Deakin University,2015,VIC,ATN,APA,4770727
3030,Deakin University,2015,VIC,ATN,IPRS,369698
3030,Deakin University,2015,VIC,ATN,RIBG,2897625
3030,Deakin University,2015,VIC,ATN,RTS,11510427
3030,Deakin University,2015,VIC,ATN,JRE,5172506
3030,Deakin University,2015,VIC,ATN,SRE,2114074
2235,Edith Cowan University,2015,WA,non-aligned,APA,2163223
2235,Edith Cowan University,2015,WA,non-aligned,IPRS,153955
2235,Edith Cowan University,2015,WA,non-aligned,RIBG,464783
2235,Edith Cowan University,2015,WA,non-aligned,RTS,4605798
2235,Edith Cowan University,2015,WA,non-aligned,JRE,2765367
2235,Edith Cowan University,2015,WA,non-aligned,SRE,790478
2154,Federation University Australia,2015,VIC,RUN,APA,758347
2154,Federation University Australia,2015,VIC,RUN,IPRS,67452
2154,Federation University Australia,2015,VIC,RUN,RIBG,140641
2154,Federation University Australia,2015,VIC,RUN,RTS,1697021
2154,Federation University Australia,2015,VIC,RUN,JRE,890326
2154,Federation University Australia,2015,VIC,RUN,SRE,286430
3029,Flinders University,2015,SA,IRU,APA,4553823
3029,Flinders University,2015,SA,IRU,IPRS,337259
3029,Flinders University,2015,SA,IRU,RIBG,3002688
3029,Flinders University,2015,SA,IRU,RTS,10980037
3029,Flinders University,2015,SA,IRU,JRE,6721044
3029,Flinders University,2015,SA,IRU,SRE,2140488
3032,Griffith University,2015,QLD,IRU,APA,6576716
3032,Griffith University,2015,QLD,IRU,IPRS,520564
3032,Griffith University,2015,QLD,IRU,RIBG,4270112
3032,Griffith University,2015,QLD,IRU,RTS,15030174
3032,Griffith University,2015,QLD,IRU,JRE,8541231
3032,Griffith University,2015,QLD,IRU,SRE,2802373
1019,James Cook University,2015,QLD,IRU,APA,3650284
1019,James Cook University,2015,QLD,IRU,IPRS,288859
1019,James Cook University,2015,QLD,IRU,RIBG,3158613
1019,James Cook University,2015,QLD,IRU,RTS,9100976
1019,James Cook University,2015,QLD,IRU,JRE,4399578
1019,James Cook University,2015,QLD,IRU,SRE,2291482
3020,La Trobe University,2015,VIC,IRU,APA,5401920
3020,La Trobe University,2015,VIC,IRU,IPRS,423762
3020,La Trobe University,2015,VIC,IRU,RIBG,2228481
3020,La Trobe University,2015,VIC,IRU,RTS,11335872
3020,La Trobe University,2015,VIC,IRU,JRE,7184317
3020,La Trobe University,2015,VIC,IRU,SRE,1849359
3025,Macquarie University,2015,NSW,non-aligned,APA,6798610
3025,Macquarie University,2015,NSW,non-aligned,IPRS,510266
3025,Macquarie University,2015,NSW,non-aligned,RIBG,4273704
3025,Macquarie University,2015,NSW,non-aligned,RTS,15452460
3025,Macquarie University,2015,NSW,non-aligned,JRE,5854244
3025,Macquarie University,2015,NSW,non-aligned,SRE,2992536
3035,Monash University,2015,VIC,Go8,APA,22078742
3035,Monash University,2015,VIC,Go8,IPRS,1740361
3035,Monash University,2015,VIC,Go8,RIBG,23198647
3035,Monash University,2015,VIC,Go8,RTS,53796103
3035,Monash University,2015,VIC,Go8,JRE,28540153
3035,Monash University,2015,VIC,Go8,SRE,17538237
1034,Murdoch University,2015,WA,IRU,APA,3122461
1034,Murdoch University,2015,WA,IRU,IPRS,250756
1034,Murdoch University,2015,WA,IRU,RIBG,1565265
1034,Murdoch University,2015,WA,IRU,RTS,7767104
1034,Murdoch University,2015,WA,IRU,JRE,5092088
1034,Murdoch University,2015,WA,IRU,SRE,1480510
3042,Queensland University of Technology,2015,QLD,non-aligned,APA,8768570
3042,Queensland University of Technology,2015,QLD,non-aligned,IPRS,693570
3042,Queensland University of Technology,2015,QLD,non-aligned,RIBG,4278314
3042,Queensland University of Technology,2015,QLD,non-aligned,RTS,19996578
3042,Queensland University of Technology,2015,QLD,non-aligned,JRE,10868558
3042,Queensland University of Technology,2015,QLD,non-aligned,SRE,3004291
3034,Royal Melbourne Institute of Technology,2015,VIC,ATN,APA,5920208
3034,Royal Melbourne Institute of Technology,2015,VIC,ATN,IPRS,445388
3034,Royal Melbourne Institute of Technology,2015,VIC,ATN,RIBG,2063995
3034,Royal Melbourne Institute of Technology,2015,VIC,ATN,RTS,13567994
3034,Royal Melbourne Institute of Technology,2015,VIC,ATN,JRE,7430482
3034,Royal Melbourne Institute of Technology,2015,VIC,ATN,SRE,1827429
3038,Southern Cross University,2015,NSW,RUN,APA,1471671
3038,Southern Cross University,2015,NSW,RUN,IPRS,134904
3038,Southern Cross University,2015,NSW,RUN,RIBG,611812
3038,Southern Cross University,2015,NSW,RUN,RTS,3282702
3038,Southern Cross University,2015,NSW,RUN,JRE,1797522
3038,Southern Cross University,2015,NSW,RUN,SRE,890199
2177,Swinburne University of Technology,2015,VIC,non-aligned,APA,2995984
2177,Swinburne University of Technology,2015,VIC,non-aligned,IPRS,221407
2177,Swinburne University of Technology,2015,VIC,non-aligned,RIBG,1815075
2177,Swinburne University of Technology,2015,VIC,non-aligned,RTS,7943170
2177,Swinburne University of Technology,2015,VIC,non-aligned,JRE,3206461
2177,Swinburne University of Technology,2015,VIC,non-aligned,SRE,1585980
3033,The Australian National University,2015,ACT,Go8,APA,15164678
3033,The Australian National University,2015,ACT,Go8,IPRS,1230095
3033,The Australian National University,2015,ACT,Go8,RIBG,14816135
3033,The Australian National University,2015,ACT,Go8,RTS,36582766
3033,The Australian National University,2015,ACT,Go8,JRE,21395555
3033,The Australian National University,2015,ACT,Go8,SRE,12999712
3010,The University of Adelaide,2015,SA,Go8,APA,12175426
3010,The University of Adelaide,2015,SA,Go8,IPRS,973675
3010,The University of Adelaide,2015,SA,Go8,RIBG,14179098
3010,The University of Adelaide,2015,SA,Go8,RTS,32007125
3010,The University of Adelaide,2015,SA,Go8,JRE,16232233
3010,The University of Adelaide,2015,SA,Go8,SRE,10062284
3036,The University of Melbourne,2015,VIC,Go8,APA,27634255
3036,The University of Melbourne,2015,VIC,Go8,IPRS,2230546
3036,The University of Melbourne,2015,VIC,Go8,RIBG,30564109
3036,The University of Melbourne,2015,VIC,Go8,RTS,68097803
3036,The University of Melbourne,2015,VIC,Go8,JRE,33625922
3036,The University of Melbourne,2015,VIC,Go8,SRE,24611960
3044,The University of Notre Dame Australia,2015,WA,non-aligned,APA,216646
3044,The University of Notre Dame Australia,2015,WA,non-aligned,IPRS,67452
3044,The University of Notre Dame Australia,2015,WA,non-aligned,RIBG,26838
3044,The University of Notre Dame Australia,2015,WA,non-aligned,RTS,406015
3044,The University of Notre Dame Australia,2015,WA,non-aligned,JRE,443696
3044,The University of Notre Dame Australia,2015,WA,non-aligned,SRE,54659
3019,The University of Queensland,2015,QLD,Go8,APA,24614581
3019,The University of Queensland,2015,QLD,Go8,IPRS,1959194
3019,The University of Queensland,2015,QLD,Go8,RIBG,28425024
3019,The University of Queensland,2015,QLD,Go8,RTS,62194490
3019,The University of Queensland,2015,QLD,Go8,JRE,30836706
3019,The University of Queensland,2015,QLD,Go8,SRE,23074113
3040,The University of Sydney,2015,NSW,Go8,APA,27426687
3040,The University of Sydney,2015,NSW,Go8,IPRS,2193473
3040,The University of Sydney,2015,NSW,Go8,RIBG,27759764
3040,The University of Sydney,2015,NSW,Go8,RTS,67915685
3040,The University of Sydney,2015,NSW,Go8,JRE,32586686
3040,The University of Sydney,2015,NSW,Go8,SRE,22683744
1055,The University of Western Australia,2015,WA,Go8,APA,13469626
1055,The University of Western Australia,2015,WA,Go8,IPRS,1049881
1055,The University of Western Australia,2015,WA,Go8,RIBG,15302174
1055,The University of Western Australia,2015,WA,Go8,RTS,33378285
1055,The University of Western Australia,2015,WA,Go8,JRE,18238830
1055,The University of Western Australia,2015,WA,Go8,SRE,11839886
2241,University of Canberra,2015,ACT,IRU,APA,1560782
2241,University of Canberra,2015,ACT,IRU,IPRS,134904
2241,University of Canberra,2015,ACT,IRU,RIBG,572128
2241,University of Canberra,2015,ACT,IRU,RTS,3310351
2241,University of Canberra,2015,ACT,IRU,JRE,2450994
2241,University of Canberra,2015,ACT,IRU,SRE,830532
4331,University of Divinity,2015,VIC,non-aligned,APA,383647
4331,University of Divinity,2015,VIC,non-aligned,IPRS,67452
4331,University of Divinity,2015,VIC,non-aligned,RTS,697843
4331,University of Divinity,2015,VIC,non-aligned,JRE,446675
3039,University of New England,2015,NSW,RUN,APA,2581229
3039,University of New England,2015,NSW,RUN,IPRS,202355
3039,University of New England,2015,NSW,RUN,RIBG,1507287
3039,University of New England,2015,NSW,RUN,RTS,6307302
3039,University of New England,2015,NSW,RUN,JRE,3390995
3039,University of New England,2015,NSW,RUN,SRE,1265564
3013,University of New South Wales,2015,NSW,Go8,APA,24507710
3013,University of New South Wales,2015,NSW,Go8,IPRS,1969492
3013,University of New South Wales,2015,NSW,Go8,RIBG,22034195
3013,University of New South Wales,2015,NSW,Go8,RTS,63429845
3013,University of New South Wales,2015,NSW,Go8,JRE,32932456
3013,University of New South Wales,2015,NSW,Go8,SRE,17434829
3014,University of Newcastle,2015,NSW,ATN,APA,6378418
3014,University of Newcastle,2015,NSW,ATN,IPRS,504602
3014,University of Newcastle,2015,NSW,ATN,RIBG,5629425
3014,University of Newcastle,2015,NSW,ATN,RTS,15295460
3014,University of Newcastle,2015,NSW,ATN,JRE,8845269
3014,University of Newcastle,2015,NSW,ATN,SRE,4440660
3027,University of South Australia,2015,SA,ATN,APA,5932213
3027,University of South Australia,2015,SA,ATN,IPRS,472163
3027,University of South Australia,2015,SA,ATN,RIBG,2919294
3027,University of South Australia,2015,SA,ATN,RTS,13375901
3027,University of South Australia,2015,SA,ATN,JRE,7983519
3027,University of South Australia,2015,SA,ATN,SRE,2214005
2201,University of Southern Queensland,2015,QLD,RUN,APA,1560626
2201,University of Southern Queensland,2015,QLD,RUN,IPRS,134904
2201,University of Southern Queensland,2015,QLD,RUN,RIBG,396589
2201,University of Southern Queensland,2015,QLD,RUN,RTS,3400788
2201,University of Southern Queensland,2015,QLD,RUN,JRE,1532221
2201,University of Southern Queensland,2015,QLD,RUN,SRE,757049
3045,University of Tasmania,2015,TAS,non-aligned,APA,6819861
3045,University of Tasmania,2015,TAS,non-aligned,IPRS,539615
3045,University of Tasmania,2015,TAS,non-aligned,RIBG,5340516
3045,University of Tasmania,2015,TAS,non-aligned,RTS,17004759
3045,University of Tasmania,2015,TAS,non-aligned,JRE,9375921
3045,University of Tasmania,2015,TAS,non-aligned,SRE,3754492
3016,University of Technology Sydney,2015,NSW,ATN,APA,4734393
3016,University of Technology Sydney,2015,NSW,ATN,IPRS,366609
3016,University of Technology Sydney,2015,NSW,ATN,RIBG,2510803
3016,University of Technology Sydney,2015,NSW,ATN,RTS,10756025
3016,University of Technology Sydney,2015,NSW,ATN,JRE,5684297
3016,University of Technology Sydney,2015,NSW,ATN,SRE,2023983
3043,University of the Sunshine Coast,2015,QLD,RUN,APA,646597
3043,University of the Sunshine Coast,2015,QLD,RUN,IPRS,67452
3043,University of the Sunshine Coast,2015,QLD,RUN,RIBG,353044
3043,University of the Sunshine Coast,2015,QLD,RUN,RTS,1368122
3043,University of the Sunshine Coast,2015,QLD,RUN,JRE,999015
3043,University of the Sunshine Coast,2015,QLD,RUN,SRE,719013
1058,University of Wollongong,2015,NSW,non-aligned,APA,6135117
1058,University of Wollongong,2015,NSW,non-aligned,IPRS,472163
1058,University of Wollongong,2015,NSW,non-aligned,RIBG,4123729
1058,University of Wollongong,2015,NSW,non-aligned,RTS,14436623
1058,University of Wollongong,2015,NSW,non-aligned,JRE,6537683
1058,University of Wollongong,2015,NSW,non-aligned,SRE,3176194
3007,Victoria University,2015,VIC,non-aligned,APA,2213159
3007,Victoria University,2015,VIC,non-aligned,IPRS,183304
3007,Victoria University,2015,VIC,non-aligned,RIBG,468157
3007,Victoria University,2015,VIC,non-aligned,RTS,4798088
3007,Victoria University,2015,VIC,non-aligned,JRE,2836335
3007,Victoria University,2015,VIC,non-aligned,SRE,800674
3004,Western Sydney University,2015,NSW,IRU,APA,3226528
3004,Western Sydney University,2015,NSW,IRU,IPRS,269807
3004,Western Sydney University,2015,NSW,IRU,RIBG,1795793
3004,Western Sydney University,2015,NSW,IRU,RTS,6885013
3004,Western Sydney University,2015,NSW,IRU,JRE,3731376
3004,Western Sydney University,2015,NSW,IRU,SRE,1496539
3006,Australian Catholic University,2014,OTHER,non-aligned,APA,1094373
3006,Australian Catholic University,2014,OTHER,non-aligned,IPRS,67098
3006,Australian Catholic University,2014,OTHER,non-aligned,RIBG,203616
3006,Australian Catholic University,2014,OTHER,non-aligned,RTS,2166964
3006,Australian Catholic University,2014,OTHER,non-aligned,JRE,1372442
3006,Australian Catholic University,2014,OTHER,non-aligned,SRE,370386
2246,Batchelor Institute of Indigenous Tertiary Education,2014,NT,non-aligned,APA,78576
2246,Batchelor Institute of Indigenous Tertiary Education,2014,NT,non-aligned,RIBG,8642
2246,Batchelor Institute of Indigenous Tertiary Education,2014,NT,non-aligned,RTS,146365
2246,Batchelor Institute of Indigenous Tertiary Education,2014,NT,non-aligned,JRE,129373
2246,Batchelor Institute of Indigenous Tertiary Education,2014,NT,non-aligned,SRE,15719
3003,Bond University ,2014,QLD,non-aligned,APA,486312
3003,Bond University ,2014,QLD,non-aligned,IPRS,67098
3003,Bond University ,2014,QLD,non-aligned,RIBG,259682
3003,Bond University ,2014,QLD,non-aligned,RTS,1017825
3003,Bond University ,2014,QLD,non-aligned,JRE,671285
3003,Bond University ,2014,QLD,non-aligned,SRE,472372
2200,Central Queensland University,2014,QLD,RUN,APA,980623
2200,Central Queensland University,2014,QLD,RUN,IPRS,67098
2200,Central Queensland University,2014,QLD,RUN,RIBG,224146
2200,Central Queensland University,2014,QLD,RUN,RTS,2196218
2200,Central Queensland University,2014,QLD,RUN,JRE,1497091
2200,Central Queensland University,2014,QLD,RUN,SRE,407730
3001,Charles Darwin University,2014,NT,non-aligned,APA,1829860
3001,Charles Darwin University,2014,NT,non-aligned,IPRS,134196
3001,Charles Darwin University,2014,NT,non-aligned,RIBG,2502887
3001,Charles Darwin University,2014,NT,non-aligned,RTS,4539473
3001,Charles Darwin University,2014,NT,non-aligned,JRE,3379693
3001,Charles Darwin University,2014,NT,non-aligned,SRE,1754086
3005,Charles Sturt University,2014,NSW,RUN,APA,1672574
3005,Charles Sturt University,2014,NSW,RUN,IPRS,134196
3005,Charles Sturt University,2014,NSW,RUN,RIBG,860835
3005,Charles Sturt University,2014,NSW,RUN,RTS,3882877
3005,Charles Sturt University,2014,NSW,RUN,JRE,1664934
3005,Charles Sturt University,2014,NSW,RUN,SRE,884748
2236,Curtin University,2014,WA,ATN,APA,6777765
2236,Curtin University,2014,WA,ATN,IPRS,536783
2236,Curtin University,2014,WA,ATN,RIBG,2975405
2236,Curtin University,2014,WA,ATN,RTS,16465550
2236,Curtin University,2014,WA,ATN,JRE,9250531
2236,Curtin University,2014,WA,ATN,SRE,1991793
3030,Deakin University,2014,VIC,ATN,APA,4545998
3030,Deakin University,2014,VIC,ATN,IPRS,364685
3030,Deakin University,2014,VIC,ATN,RIBG,2572548
3030,Deakin University,2014,VIC,ATN,RTS,11199947
3030,Deakin University,2014,VIC,ATN,JRE,4975114
3030,Deakin University,2014,VIC,ATN,SRE,1796665
2235,Edith Cowan University,2014,WA,non-aligned,APA,2072559
2235,Edith Cowan University,2014,WA,non-aligned,IPRS,147513
2235,Edith Cowan University,2014,WA,non-aligned,RIBG,439072
2235,Edith Cowan University,2014,WA,non-aligned,RTS,4558740
2235,Edith Cowan University,2014,WA,non-aligned,JRE,2810108
2235,Edith Cowan University,2014,WA,non-aligned,SRE,715710
2154,Federation University Australia,2014,VIC,RUN,APA,804807
2154,Federation University Australia,2014,VIC,RUN,IPRS,67098
2154,Federation University Australia,2014,VIC,RUN,RIBG,127853
2154,Federation University Australia,2014,VIC,RUN,RTS,1776964
2154,Federation University Australia,2014,VIC,RUN,JRE,828244
2154,Federation University Australia,2014,VIC,RUN,SRE,232569
3029,Flinders University,2014,SA,IRU,APA,4535218
3029,Flinders University,2014,SA,IRU,IPRS,335490
3029,Flinders University,2014,SA,IRU,RIBG,3123348
3029,Flinders University,2014,SA,IRU,RTS,11098768
3029,Flinders University,2014,SA,IRU,JRE,6320744
3029,Flinders University,2014,SA,IRU,SRE,2038628
3032,Griffith University,2014,QLD,IRU,APA,6477075
3032,Griffith University,2014,QLD,IRU,IPRS,523466
3032,Griffith University,2014,QLD,IRU,RIBG,4115068
3032,Griffith University,2014,QLD,IRU,RTS,14967018
3032,Griffith University,2014,QLD,IRU,JRE,8731002
3032,Griffith University,2014,QLD,IRU,SRE,2523510
1019,James Cook University,2014,QLD,IRU,APA,3427933
1019,James Cook University,2014,QLD,IRU,IPRS,274026
1019,James Cook University,2014,QLD,IRU,RIBG,3222154
1019,James Cook University,2014,QLD,IRU,RTS,8728473
1019,James Cook University,2014,QLD,IRU,JRE,3858421
1019,James Cook University,2014,QLD,IRU,SRE,2150828
3020,La Trobe University,2014,VIC,IRU,APA,5049867
3020,La Trobe University,2014,VIC,IRU,IPRS,389270
3020,La Trobe University,2014,VIC,IRU,RIBG,2058242
3020,La Trobe University,2014,VIC,IRU,RTS,11167275
3020,La Trobe University,2014,VIC,IRU,JRE,6758908
3020,La Trobe University,2014,VIC,IRU,SRE,1607409
3025,Macquarie University,2014,NSW,non-aligned,APA,6387267
3025,Macquarie University,2014,NSW,non-aligned,IPRS,488637
3025,Macquarie University,2014,NSW,non-aligned,RIBG,3967383
3025,Macquarie University,2014,NSW,non-aligned,RTS,14648780
3025,Macquarie University,2014,NSW,non-aligned,JRE,5887235
3025,Macquarie University,2014,NSW,non-aligned,SRE,2655785
3035,Monash University,2014,VIC,Go8,APA,21204643
3035,Monash University,2014,VIC,Go8,IPRS,1715351
3035,Monash University,2014,VIC,Go8,RIBG,22487374
3035,Monash University,2014,VIC,Go8,RTS,52807704
3035,Monash University,2014,VIC,Go8,JRE,27382183
3035,Monash University,2014,VIC,Go8,SRE,15776909
1034,Murdoch University,2014,WA,IRU,APA,3289575
1034,Murdoch University,2014,WA,IRU,IPRS,268392
1034,Murdoch University,2014,WA,IRU,RIBG,1273490
1034,Murdoch University,2014,WA,IRU,RTS,8132997
1034,Murdoch University,2014,WA,IRU,JRE,5226625
1034,Murdoch University,2014,WA,IRU,SRE,1201537
3042,Queensland University of Technology,2014,QLD,non-aligned,APA,8303985
3042,Queensland University of Technology,2014,QLD,non-aligned,IPRS,670979
3042,Queensland University of Technology,2014,QLD,non-aligned,RIBG,3594946
3042,Queensland University of Technology,2014,QLD,non-aligned,RTS,19387921
3042,Queensland University of Technology,2014,QLD,non-aligned,JRE,10272689
3042,Queensland University of Technology,2014,QLD,non-aligned,SRE,2425824
3034,Royal Melbourne Institute of Technology,2014,VIC,ATN,APA,5277581
3034,Royal Melbourne Institute of Technology,2014,VIC,ATN,IPRS,411295
3034,Royal Melbourne Institute of Technology,2014,VIC,ATN,RIBG,2047986
3034,Royal Melbourne Institute of Technology,2014,VIC,ATN,RTS,13389577
3034,Royal Melbourne Institute of Technology,2014,VIC,ATN,JRE,7031155
3034,Royal Melbourne Institute of Technology,2014,VIC,ATN,SRE,1678073
3038,Southern Cross University,2014,NSW,RUN,APA,1527476
3038,Southern Cross University,2014,NSW,RUN,IPRS,134196
3038,Southern Cross University,2014,NSW,RUN,RIBG,580775
3038,Southern Cross University,2014,NSW,RUN,RTS,3437344
3038,Southern Cross University,2014,NSW,RUN,JRE,1728083
3038,Southern Cross University,2014,NSW,RUN,SRE,800865
2177,Swinburne University of Technology,2014,VIC,non-aligned,APA,2802731
2177,Swinburne University of Technology,2014,VIC,non-aligned,IPRS,201294
2177,Swinburne University of Technology,2014,VIC,non-aligned,RIBG,1669303
2177,Swinburne University of Technology,2014,VIC,non-aligned,RTS,7552259
2177,Swinburne University of Technology,2014,VIC,non-aligned,JRE,3091999
2177,Swinburne University of Technology,2014,VIC,non-aligned,SRE,1386548
3033,The Australian National University,2014,ACT,Go8,APA,14719925
3033,The Australian National University,2014,ACT,Go8,IPRS,1213397
3033,The Australian National University,2014,ACT,Go8,RIBG,14728853
3033,The Australian National University,2014,ACT,Go8,RTS,36310148
3033,The Australian National University,2014,ACT,Go8,JRE,19959370
3033,The Australian National University,2014,ACT,Go8,SRE,12000975
3010,The University of Adelaide,2014,SA,Go8,APA,12019940
3010,The University of Adelaide,2014,SA,Go8,IPRS,987518
3010,The University of Adelaide,2014,SA,Go8,RIBG,14238877
3010,The University of Adelaide,2014,SA,Go8,RTS,31918113
3010,The University of Adelaide,2014,SA,Go8,JRE,15552936
3010,The University of Adelaide,2014,SA,Go8,SRE,9364276
3036,The University of Melbourne,2014,VIC,Go8,APA,28152814
3036,The University of Melbourne,2014,VIC,Go8,IPRS,2318208
3036,The University of Melbourne,2014,VIC,Go8,RIBG,30688042
3036,The University of Melbourne,2014,VIC,Go8,RTS,70935044
3036,The University of Melbourne,2014,VIC,Go8,JRE,34228928
3036,The University of Melbourne,2014,VIC,Go8,SRE,22921733
3044,The University of Notre Dame Australia,2014,WA,non-aligned,APA,199049
3044,The University of Notre Dame Australia,2014,WA,non-aligned,IPRS,67098
3044,The University of Notre Dame Australia,2014,WA,non-aligned,RIBG,34002
3044,The University of Notre Dame Australia,2014,WA,non-aligned,RTS,396426
3044,The University of Notre Dame Australia,2014,WA,non-aligned,JRE,327279
3044,The University of Notre Dame Australia,2014,WA,non-aligned,SRE,61851
3019,The University of Queensland,2014,QLD,Go8,APA,23822741
3019,The University of Queensland,2014,QLD,Go8,IPRS,1940206
3019,The University of Queensland,2014,QLD,Go8,RIBG,26290676
3019,The University of Queensland,2014,QLD,Go8,RTS,60977312
3019,The University of Queensland,2014,QLD,Go8,JRE,30056496
3019,The University of Queensland,2014,QLD,Go8,SRE,20174054
3040,The University of Sydney,2014,NSW,Go8,APA,26903746
3040,The University of Sydney,2014,NSW,Go8,IPRS,2198354
3040,The University of Sydney,2014,NSW,Go8,RIBG,28386829
3040,The University of Sydney,2014,NSW,Go8,RTS,68143974
3040,The University of Sydney,2014,NSW,Go8,JRE,32356062
3040,The University of Sydney,2014,NSW,Go8,SRE,21539630
1055,The University of Western Australia,2014,WA,Go8,APA,13057127
1055,The University of Western Australia,2014,WA,Go8,IPRS,1038737
1055,The University of Western Australia,2014,WA,Go8,RIBG,14613241
1055,The University of Western Australia,2014,WA,Go8,RTS,33420118
1055,The University of Western Australia,2014,WA,Go8,JRE,17827729
1055,The University of Western Australia,2014,WA,Go8,SRE,10519408
2241,University of Canberra,2014,ACT,IRU,APA,1430255
2241,University of Canberra,2014,ACT,IRU,IPRS,120879
2241,University of Canberra,2014,ACT,IRU,RIBG,460302
2241,University of Canberra,2014,ACT,IRU,RTS,3179668
2241,University of Canberra,2014,ACT,IRU,JRE,2505451
2241,University of Canberra,2014,ACT,IRU,SRE,721498
4331,University of Divinity,2014,VIC,non-aligned,APA,435159
4331,University of Divinity,2014,VIC,non-aligned,IPRS,67098
4331,University of Divinity,2014,VIC,non-aligned,RTS,729689
4331,University of Divinity,2014,VIC,non-aligned,JRE,386354
3039,University of New England,2014,NSW,RUN,APA,2563441
3039,University of New England,2014,NSW,RUN,IPRS,201294
3039,University of New England,2014,NSW,RUN,RIBG,1091903
3039,University of New England,2014,NSW,RUN,RTS,6604427
3039,University of New England,2014,NSW,RUN,JRE,3135988
3039,University of New England,2014,NSW,RUN,SRE,992574
3013,University of New South Wales,2014,NSW,Go8,APA,23897334
3013,University of New South Wales,2014,NSW,Go8,IPRS,1961718
3013,University of New South Wales,2014,NSW,Go8,RIBG,20699009
3013,University of New South Wales,2014,NSW,Go8,RTS,63037132
3013,University of New South Wales,2014,NSW,Go8,JRE,31383748
3013,University of New South Wales,2014,NSW,Go8,SRE,15219234
3014,University of Newcastle,2014,NSW,ATN,APA,6110420
3014,University of Newcastle,2014,NSW,ATN,IPRS,498881
3014,University of Newcastle,2014,NSW,ATN,RIBG,5736912
3014,University of Newcastle,2014,NSW,ATN,RTS,15181831
3014,University of Newcastle,2014,NSW,ATN,JRE,8883731
3014,University of Newcastle,2014,NSW,ATN,SRE,4111284
3027,University of South Australia,2014,SA,ATN,APA,5770517
3027,University of South Australia,2014,SA,ATN,IPRS,469685
3027,University of South Australia,2014,SA,ATN,RIBG,2869187
3027,University of South Australia,2014,SA,ATN,RTS,13294802
3027,University of South Australia,2014,SA,ATN,JRE,7587462
3027,University of South Australia,2014,SA,ATN,SRE,2022655
2201,University of Southern Queensland,2014,QLD,RUN,APA,1482170
2201,University of Southern Queensland,2014,QLD,RUN,IPRS,134196
2201,University of Southern Queensland,2014,QLD,RUN,RIBG,343443
2201,University of Southern Queensland,2014,QLD,RUN,RTS,3165288
2201,University of Southern Queensland,2014,QLD,RUN,JRE,1437869
2201,University of Southern Queensland,2014,QLD,RUN,SRE,624736
3045,University of Tasmania,2014,TAS,non-aligned,APA,6698844
3045,University of Tasmania,2014,TAS,non-aligned,IPRS,536783
3045,University of Tasmania,2014,TAS,non-aligned,RIBG,5274174
3045,University of Tasmania,2014,TAS,non-aligned,RTS,16755864
3045,University of Tasmania,2014,TAS,non-aligned,JRE,8803354
3045,University of Tasmania,2014,TAS,non-aligned,SRE,3444224
3016,University of Technology Sydney,2014,NSW,ATN,APA,4728554
3016,University of Technology Sydney,2014,NSW,ATN,IPRS,383636
3016,University of Technology Sydney,2014,NSW,ATN,RIBG,2269705
3016,University of Technology Sydney,2014,NSW,ATN,RTS,10704162
3016,University of Technology Sydney,2014,NSW,ATN,JRE,5427312
3016,University of Technology Sydney,2014,NSW,ATN,SRE,1738230
3043,University of the Sunshine Coast,2014,QLD,RUN,APA,583932
3043,University of the Sunshine Coast,2014,QLD,RUN,IPRS,67098
3043,University of the Sunshine Coast,2014,QLD,RUN,RIBG,195825
3043,University of the Sunshine Coast,2014,QLD,RUN,RTS,1201145
3043,University of the Sunshine Coast,2014,QLD,RUN,JRE,831903
3043,University of the Sunshine Coast,2014,QLD,RUN,SRE,356212
1058,University of Wollongong,2014,NSW,non-aligned,APA,5875090
1058,University of Wollongong,2014,NSW,non-aligned,IPRS,469685
1058,University of Wollongong,2014,NSW,non-aligned,RIBG,4182567
1058,University of Wollongong,2014,NSW,non-aligned,RTS,13817386
1058,University of Wollongong,2014,NSW,non-aligned,JRE,6237866
1058,University of Wollongong,2014,NSW,non-aligned,SRE,2966702
3007,Victoria University,2014,VIC,non-aligned,APA,2301945
3007,Victoria University,2014,VIC,non-aligned,IPRS,201294
3007,Victoria University,2014,VIC,non-aligned,RIBG,459158
3007,Victoria University,2014,VIC,non-aligned,RTS,4976982
3007,Victoria University,2014,VIC,non-aligned,JRE,2637785
3007,Victoria University,2014,VIC,non-aligned,SRE,730720
3004,Western Sydney University,2014,NSW,IRU,APA,3101535
3004,Western Sydney University,2014,NSW,IRU,IPRS,268392
3004,Western Sydney University,2014,NSW,IRU,RIBG,1710329
3004,Western Sydney University,2014,NSW,IRU,RTS,6906776
3004,Western Sydney University,2014,NSW,IRU,JRE,3562057
3004,Western Sydney University,2014,NSW,IRU,SRE,1341286
3006,Australian Catholic University,2013,OTHER,non-aligned,APA,1042123
3006,Australian Catholic University,2013,OTHER,non-aligned,IPRS,66473
3006,Australian Catholic University,2013,OTHER,non-aligned,RIBG,164937
3006,Australian Catholic University,2013,OTHER,non-aligned,RTS,2118173
3006,Australian Catholic University,2013,OTHER,non-aligned,JRE,1098771
3006,Australian Catholic University,2013,OTHER,non-aligned,SRE,286350
2246,Batchelor Institute of Indigenous Tertiary Education,2013,NT,non-aligned,APA,65705
2246,Batchelor Institute of Indigenous Tertiary Education,2013,NT,non-aligned,RIBG,14449
2246,Batchelor Institute of Indigenous Tertiary Education,2013,NT,non-aligned,RTS,152634
2246,Batchelor Institute of Indigenous Tertiary Education,2013,NT,non-aligned,JRE,100740
2246,Batchelor Institute of Indigenous Tertiary Education,2013,NT,non-aligned,SRE,25086
3003,Bond University ,2013,QLD,non-aligned,APA,431748
3003,Bond University ,2013,QLD,non-aligned,IPRS,66473
3003,Bond University ,2013,QLD,non-aligned,RIBG,246565
3003,Bond University ,2013,QLD,non-aligned,RTS,898939
3003,Bond University ,2013,QLD,non-aligned,JRE,592546
3003,Bond University ,2013,QLD,non-aligned,SRE,428067
2200,Central Queensland University,2013,QLD,RUN,APA,907014
2200,Central Queensland University,2013,QLD,RUN,IPRS,66473
2200,Central Queensland University,2013,QLD,RUN,RIBG,210936
2200,Central Queensland University,2013,QLD,RUN,RTS,2219206
2200,Central Queensland University,2013,QLD,RUN,JRE,1317212
2200,Central Queensland University,2013,QLD,RUN,SRE,366210
3001,Charles Darwin University,2013,NT,non-aligned,APA,1682617
3001,Charles Darwin University,2013,NT,non-aligned,IPRS,132946
3001,Charles Darwin University,2013,NT,non-aligned,RIBG,2467118
3001,Charles Darwin University,2013,NT,non-aligned,RTS,4275098
3001,Charles Darwin University,2013,NT,non-aligned,JRE,2969486
3001,Charles Darwin University,2013,NT,non-aligned,SRE,1760083
3005,Charles Sturt University,2013,NSW,RUN,APA,1613428
3005,Charles Sturt University,2013,NSW,RUN,IPRS,132946
3005,Charles Sturt University,2013,NSW,RUN,RIBG,1080908
3005,Charles Sturt University,2013,NSW,RUN,RTS,3840926
3005,Charles Sturt University,2013,NSW,RUN,JRE,1659145
3005,Charles Sturt University,2013,NSW,RUN,SRE,977140
2236,Curtin University,2013,WA,ATN,APA,6528369
2236,Curtin University,2013,WA,ATN,IPRS,544978
2236,Curtin University,2013,WA,ATN,RIBG,2864536
2236,Curtin University,2013,WA,ATN,RTS,16294759
2236,Curtin University,2013,WA,ATN,JRE,8899188
2236,Curtin University,2013,WA,ATN,SRE,1973694
3030,Deakin University,2013,VIC,ATN,APA,4384849
3030,Deakin University,2013,VIC,ATN,IPRS,366871
3030,Deakin University,2013,VIC,ATN,RIBG,2363989
3030,Deakin University,2013,VIC,ATN,RTS,11072931
3030,Deakin University,2013,VIC,ATN,JRE,4534572
3030,Deakin University,2013,VIC,ATN,SRE,1719351
2235,Edith Cowan University,2013,WA,non-aligned,APA,1991208
2235,Edith Cowan University,2013,WA,non-aligned,IPRS,161870
2235,Edith Cowan University,2013,WA,non-aligned,RIBG,440764
2235,Edith Cowan University,2013,WA,non-aligned,RTS,4583180
2235,Edith Cowan University,2013,WA,non-aligned,JRE,2580341
2235,Edith Cowan University,2013,WA,non-aligned,SRE,708941
2154,Federation University Australia,2013,VIC,RUN,APA,791252
2154,Federation University Australia,2013,VIC,RUN,IPRS,66473
2154,Federation University Australia,2013,VIC,RUN,RIBG,127218
2154,Federation University Australia,2013,VIC,RUN,RTS,1853070
2154,Federation University Australia,2013,VIC,RUN,JRE,833018
2154,Federation University Australia,2013,VIC,RUN,SRE,220866
3029,Flinders University,2013,SA,IRU,APA,4318553
3029,Flinders University,2013,SA,IRU,IPRS,332365
3029,Flinders University,2013,SA,IRU,RIBG,3172132
3029,Flinders University,2013,SA,IRU,RTS,10897660
3029,Flinders University,2013,SA,IRU,JRE,6158368
3029,Flinders University,2013,SA,IRU,SRE,2057415
3032,Griffith University,2013,QLD,IRU,APA,6042329
3032,Griffith University,2013,QLD,IRU,IPRS,502861
3032,Griffith University,2013,QLD,IRU,RIBG,4003573
3032,Griffith University,2013,QLD,IRU,RTS,14474664
3032,Griffith University,2013,QLD,IRU,JRE,8168925
3032,Griffith University,2013,QLD,IRU,SRE,2513381
1019,James Cook University,2013,QLD,IRU,APA,3041530
1019,James Cook University,2013,QLD,IRU,IPRS,236969
1019,James Cook University,2013,QLD,IRU,RIBG,3144405
1019,James Cook University,2013,QLD,IRU,RTS,8258273
1019,James Cook University,2013,QLD,IRU,JRE,3346110
1019,James Cook University,2013,QLD,IRU,SRE,2145184
3020,La Trobe University,2013,VIC,IRU,APA,4679611
3020,La Trobe University,2013,VIC,IRU,IPRS,383108
3020,La Trobe University,2013,VIC,IRU,RIBG,2114484
3020,La Trobe University,2013,VIC,IRU,RTS,11154703
3020,La Trobe University,2013,VIC,IRU,JRE,6079925
3020,La Trobe University,2013,VIC,IRU,SRE,1685318
3025,Macquarie University,2013,NSW,non-aligned,APA,5836907
3025,Macquarie University,2013,NSW,non-aligned,IPRS,465312
3025,Macquarie University,2013,NSW,non-aligned,RIBG,3146496
3025,Macquarie University,2013,NSW,non-aligned,RTS,13772073
3025,Macquarie University,2013,NSW,non-aligned,JRE,5862747
3025,Macquarie University,2013,NSW,non-aligned,SRE,2251870
3035,Monash University,2013,VIC,Go8,APA,19943162
3035,Monash University,2013,VIC,Go8,IPRS,1680602
3035,Monash University,2013,VIC,Go8,RIBG,20601383
3035,Monash University,2013,VIC,Go8,RTS,51466973
3035,Monash University,2013,VIC,Go8,JRE,25533572
3035,Monash University,2013,VIC,Go8,SRE,14971648
1034,Murdoch University,2013,WA,IRU,APA,3236611
1034,Murdoch University,2013,WA,IRU,IPRS,265892
1034,Murdoch University,2013,WA,IRU,RIBG,1328652
1034,Murdoch University,2013,WA,IRU,RTS,8481325
1034,Murdoch University,2013,WA,IRU,JRE,5202582
1034,Murdoch University,2013,WA,IRU,SRE,1245621
3042,Queensland University of Technology,2013,QLD,non-aligned,APA,7720981
3042,Queensland University of Technology,2013,QLD,non-aligned,IPRS,651538
3042,Queensland University of Technology,2013,QLD,non-aligned,RIBG,3370204
3042,Queensland University of Technology,2013,QLD,non-aligned,RTS,18734018
3042,Queensland University of Technology,2013,QLD,non-aligned,JRE,8917011
3042,Queensland University of Technology,2013,QLD,non-aligned,SRE,2362689
3034,Royal Melbourne Institute of Technology,2013,VIC,ATN,APA,4835781
3034,Royal Melbourne Institute of Technology,2013,VIC,ATN,IPRS,409495
3034,Royal Melbourne Institute of Technology,2013,VIC,ATN,RIBG,1887048
3034,Royal Melbourne Institute of Technology,2013,VIC,ATN,RTS,13511669
3034,Royal Melbourne Institute of Technology,2013,VIC,ATN,JRE,6190061
3034,Royal Melbourne Institute of Technology,2013,VIC,ATN,SRE,1601525
3038,Southern Cross University,2013,NSW,RUN,APA,1580415
3038,Southern Cross University,2013,NSW,RUN,IPRS,132946
3038,Southern Cross University,2013,NSW,RUN,RIBG,465611
3038,Southern Cross University,2013,NSW,RUN,RTS,3584562
3038,Southern Cross University,2013,NSW,RUN,JRE,1553398
3038,Southern Cross University,2013,NSW,RUN,SRE,728509
2177,Swinburne University of Technology,2013,VIC,non-aligned,APA,2623770
2177,Swinburne University of Technology,2013,VIC,non-aligned,IPRS,199419
2177,Swinburne University of Technology,2013,VIC,non-aligned,RIBG,1481790
2177,Swinburne University of Technology,2013,VIC,non-aligned,RTS,7303012
2177,Swinburne University of Technology,2013,VIC,non-aligned,JRE,2895596
2177,Swinburne University of Technology,2013,VIC,non-aligned,SRE,1294107
3033,The Australian National University,2013,ACT,Go8,APA,13906726
3033,The Australian National University,2013,ACT,Go8,IPRS,1186367
3033,The Australian National University,2013,ACT,Go8,RIBG,13550747
3033,The Australian National University,2013,ACT,Go8,RTS,35799189
3033,The Australian National University,2013,ACT,Go8,JRE,19877705
3033,The Australian National University,2013,ACT,Go8,SRE,11396733
3010,The University of Adelaide,2013,SA,Go8,APA,11588493
3010,The University of Adelaide,2013,SA,Go8,IPRS,997096
3010,The University of Adelaide,2013,SA,Go8,RIBG,13550437
3010,The University of Adelaide,2013,SA,Go8,RTS,31504786
3010,The University of Adelaide,2013,SA,Go8,JRE,14881228
3010,The University of Adelaide,2013,SA,Go8,SRE,9194408
3036,The University of Melbourne,2013,VIC,Go8,APA,27681028
3036,The University of Melbourne,2013,VIC,Go8,IPRS,2352437
3036,The University of Melbourne,2013,VIC,Go8,RIBG,29530815
3036,The University of Melbourne,2013,VIC,Go8,RTS,72824435
3036,The University of Melbourne,2013,VIC,Go8,JRE,34080079
3036,The University of Melbourne,2013,VIC,Go8,SRE,22780954
3044,The University of Notre Dame Australia,2013,WA,non-aligned,APA,201029
3044,The University of Notre Dame Australia,2013,WA,non-aligned,IPRS,66473
3044,The University of Notre Dame Australia,2013,WA,non-aligned,RIBG,50106
3044,The University of Notre Dame Australia,2013,WA,non-aligned,RTS,407076
3044,The University of Notre Dame Australia,2013,WA,non-aligned,JRE,240706
3044,The University of Notre Dame Australia,2013,WA,non-aligned,SRE,86990
3019,The University of Queensland,2013,QLD,Go8,APA,22850229
3019,The University of Queensland,2013,QLD,Go8,IPRS,1924675
3019,The University of Queensland,2013,QLD,Go8,RIBG,24951068
3019,The University of Queensland,2013,QLD,Go8,RTS,60064928
3019,The University of Queensland,2013,QLD,Go8,JRE,28204249
3019,The University of Queensland,2013,QLD,Go8,SRE,19784617
3040,The University of Sydney,2013,NSW,Go8,APA,25884577
3040,The University of Sydney,2013,NSW,Go8,IPRS,2188030
3040,The University of Sydney,2013,NSW,Go8,RIBG,27479790
3040,The University of Sydney,2013,NSW,Go8,RTS,68052330
3040,The University of Sydney,2013,NSW,Go8,JRE,32210468
3040,The University of Sydney,2013,NSW,Go8,SRE,21508217
1055,The University of Western Australia,2013,WA,Go8,APA,12407990
1055,The University of Western Australia,2013,WA,Go8,IPRS,1026020
1055,The University of Western Australia,2013,WA,Go8,RIBG,13992516
1055,The University of Western Australia,2013,WA,Go8,RTS,33434262
1055,The University of Western Australia,2013,WA,Go8,JRE,16142340
1055,The University of Western Australia,2013,WA,Go8,SRE,10383320
2241,University of Canberra,2013,ACT,IRU,APA,1342674
2241,University of Canberra,2013,ACT,IRU,IPRS,117216
2241,University of Canberra,2013,ACT,IRU,RIBG,380951
2241,University of Canberra,2013,ACT,IRU,RTS,3074906
2241,University of Canberra,2013,ACT,IRU,JRE,2239536
2241,University of Canberra,2013,ACT,IRU,SRE,661379
4331,University of Divinity,2013,VIC,non-aligned,APA,447183
4331,University of Divinity,2013,VIC,non-aligned,IPRS,66473
4331,University of Divinity,2013,VIC,non-aligned,RTS,752211
4331,University of Divinity,2013,VIC,non-aligned,JRE,327139
3039,University of New England,2013,NSW,RUN,APA,2557476
3039,University of New England,2013,NSW,RUN,IPRS,212612
3039,University of New England,2013,NSW,RUN,RIBG,808809
3039,University of New England,2013,NSW,RUN,RTS,6887288
3039,University of New England,2013,NSW,RUN,JRE,2886161
3039,University of New England,2013,NSW,RUN,SRE,877296
3013,University of New South Wales,2013,NSW,Go8,APA,22890209
3013,University of New South Wales,2013,NSW,Go8,IPRS,1933301
3013,University of New South Wales,2013,NSW,Go8,RIBG,19906517
3013,University of New South Wales,2013,NSW,Go8,RTS,62198669
3013,University of New South Wales,2013,NSW,Go8,JRE,30217293
3013,University of New South Wales,2013,NSW,Go8,SRE,15147944
3014,University of Newcastle,2013,NSW,ATN,APA,5918530
3014,University of Newcastle,2013,NSW,ATN,IPRS,513010
3014,University of Newcastle,2013,NSW,ATN,RIBG,5521631
3014,University of Newcastle,2013,NSW,ATN,RTS,15291554
3014,University of Newcastle,2013,NSW,ATN,JRE,8400132
3014,University of Newcastle,2013,NSW,ATN,SRE,4068098
3027,University of South Australia,2013,SA,ATN,APA,5521670
3027,University of South Australia,2013,SA,ATN,IPRS,465312
3027,University of South Australia,2013,SA,ATN,RIBG,2791457
3027,University of South Australia,2013,SA,ATN,RTS,13287148
3027,University of South Australia,2013,SA,ATN,JRE,7345547
3027,University of South Australia,2013,SA,ATN,SRE,2017311
2201,University of Southern Queensland,2013,QLD,RUN,APA,1335707
2201,University of Southern Queensland,2013,QLD,RUN,IPRS,119753
2201,University of Southern Queensland,2013,QLD,RUN,RIBG,333164
2201,University of Southern Queensland,2013,QLD,RUN,RTS,2911942
2201,University of Southern Queensland,2013,QLD,RUN,JRE,1280699
2201,University of Southern Queensland,2013,QLD,RUN,SRE,578415
3045,University of Tasmania,2013,TAS,non-aligned,APA,6282589
3045,University of Tasmania,2013,TAS,non-aligned,IPRS,518592
3045,University of Tasmania,2013,TAS,non-aligned,RIBG,4947533
3045,University of Tasmania,2013,TAS,non-aligned,RTS,16187598
3045,University of Tasmania,2013,TAS,non-aligned,JRE,7899542
3045,University of Tasmania,2013,TAS,non-aligned,SRE,3332498
3016,University of Technology Sydney,2013,NSW,ATN,APA,4706302
3016,University of Technology Sydney,2013,NSW,ATN,IPRS,398839
3016,University of Technology Sydney,2013,NSW,ATN,RIBG,2160797
3016,University of Technology Sydney,2013,NSW,ATN,RTS,10716003
3016,University of Technology Sydney,2013,NSW,ATN,JRE,4861289
3016,University of Technology Sydney,2013,NSW,ATN,SRE,1708498
3043,University of the Sunshine Coast,2013,QLD,RUN,APA,508440
3043,University of the Sunshine Coast,2013,QLD,RUN,IPRS,66473
3043,University of the Sunshine Coast,2013,QLD,RUN,RIBG,119692
3043,University of the Sunshine Coast,2013,QLD,RUN,RTS,1044345
3043,University of the Sunshine Coast,2013,QLD,RUN,JRE,636338
3043,University of the Sunshine Coast,2013,QLD,RUN,SRE,207801
1058,University of Wollongong,2013,NSW,non-aligned,APA,5425953
1058,University of Wollongong,2013,NSW,non-aligned,IPRS,452118
1058,University of Wollongong,2013,NSW,non-aligned,RIBG,3782590
1058,University of Wollongong,2013,NSW,non-aligned,RTS,13088170
1058,University of Wollongong,2013,NSW,non-aligned,JRE,5951634
1058,University of Wollongong,2013,NSW,non-aligned,SRE,2787356
3007,Victoria University,2013,VIC,non-aligned,APA,2248349
3007,Victoria University,2013,VIC,non-aligned,IPRS,199419
3007,Victoria University,2013,VIC,non-aligned,RIBG,401540
3007,Victoria University,2013,VIC,non-aligned,RTS,5021002
3007,Victoria University,2013,VIC,non-aligned,JRE,2411341
3007,Victoria University,2013,VIC,non-aligned,SRE,691666
3004,Western Sydney University,2013,NSW,IRU,APA,3089283
3004,Western Sydney University,2013,NSW,IRU,IPRS,265892
3004,Western Sydney University,2013,NSW,IRU,RIBG,1611515
3004,Western Sydney University,2013,NSW,IRU,RTS,7144419
3004,Western Sydney University,2013,NSW,IRU,JRE,3310140
3004,Western Sydney University,2013,NSW,IRU,SRE,1302726
3006,Australian Catholic University,2012,OTHER,non-aligned,APA,903487
3006,Australian Catholic University,2012,OTHER,non-aligned,IPRS,63978
3006,Australian Catholic University,2012,OTHER,non-aligned,RIBG,104724
3006,Australian Catholic University,2012,OTHER,non-aligned,RTS,1933953
3006,Australian Catholic University,2012,OTHER,non-aligned,JRE,826067
3006,Australian Catholic University,2012,OTHER,non-aligned,SRE,159728
2246,Batchelor Institute of Indigenous Tertiary Education,2012,NT,non-aligned,APA,56230
2246,Batchelor Institute of Indigenous Tertiary Education,2012,NT,non-aligned,RIBG,8820
2246,Batchelor Institute of Indigenous Tertiary Education,2012,NT,non-aligned,RTS,154636
2246,Batchelor Institute of Indigenous Tertiary Education,2012,NT,non-aligned,JRE,109970
2246,Batchelor Institute of Indigenous Tertiary Education,2012,NT,non-aligned,SRE,13452
3003,Bond University ,2012,QLD,non-aligned,APA,372690
3003,Bond University ,2012,QLD,non-aligned,IPRS,63978
3003,Bond University ,2012,QLD,non-aligned,RIBG,170877
3003,Bond University ,2012,QLD,non-aligned,RTS,779695
3003,Bond University ,2012,QLD,non-aligned,JRE,476992
3003,Bond University ,2012,QLD,non-aligned,SRE,260626
2200,Central Queensland University,2012,QLD,RUN,APA,799051
2200,Central Queensland University,2012,QLD,RUN,IPRS,63978
2200,Central Queensland University,2012,QLD,RUN,RIBG,212005
2200,Central Queensland University,2012,QLD,RUN,RTS,2208753
2200,Central Queensland University,2012,QLD,RUN,JRE,1284087
2200,Central Queensland University,2012,QLD,RUN,SRE,323355
3001,Charles Darwin University,2012,NT,non-aligned,APA,1474870
3001,Charles Darwin University,2012,NT,non-aligned,IPRS,127956
3001,Charles Darwin University,2012,NT,non-aligned,RIBG,2405899
3001,Charles Darwin University,2012,NT,non-aligned,RTS,3915735
3001,Charles Darwin University,2012,NT,non-aligned,JRE,2791709
3001,Charles Darwin University,2012,NT,non-aligned,SRE,1598393
3005,Charles Sturt University,2012,NSW,RUN,APA,1448925
3005,Charles Sturt University,2012,NSW,RUN,IPRS,127956
3005,Charles Sturt University,2012,NSW,RUN,RIBG,1423853
3005,Charles Sturt University,2012,NSW,RUN,RTS,3654028
3005,Charles Sturt University,2012,NSW,RUN,JRE,1799859
3005,Charles Sturt University,2012,NSW,RUN,SRE,1067863
2236,Curtin University,2012,WA,ATN,APA,6035391
2236,Curtin University,2012,WA,ATN,IPRS,539661
2236,Curtin University,2012,WA,ATN,RIBG,2937359
2236,Curtin University,2012,WA,ATN,RTS,15696019
2236,Curtin University,2012,WA,ATN,JRE,9669302
2236,Curtin University,2012,WA,ATN,SRE,1840580
3030,Deakin University,2012,VIC,ATN,APA,4065157
3030,Deakin University,2012,VIC,ATN,IPRS,356030
3030,Deakin University,2012,VIC,ATN,RIBG,2235371
3030,Deakin University,2012,VIC,ATN,RTS,10713279
3030,Deakin University,2012,VIC,ATN,JRE,4926927
3030,Deakin University,2012,VIC,ATN,SRE,1546291
2235,Edith Cowan University,2012,WA,non-aligned,APA,1839694
2235,Edith Cowan University,2012,WA,non-aligned,IPRS,173864
2235,Edith Cowan University,2012,WA,non-aligned,RIBG,509185
2235,Edith Cowan University,2012,WA,non-aligned,RTS,4480911
2235,Edith Cowan University,2012,WA,non-aligned,JRE,2426956
2235,Edith Cowan University,2012,WA,non-aligned,SRE,710338
2154,Federation University Australia,2012,VIC,RUN,APA,742821
2154,Federation University Australia,2012,VIC,RUN,IPRS,63978
2154,Federation University Australia,2012,VIC,RUN,RIBG,123502
2154,Federation University Australia,2012,VIC,RUN,RTS,1877382
2154,Federation University Australia,2012,VIC,RUN,JRE,903668
2154,Federation University Australia,2012,VIC,RUN,SRE,188368
3029,Flinders University,2012,SA,IRU,APA,3891348
3029,Flinders University,2012,SA,IRU,IPRS,319890
3029,Flinders University,2012,SA,IRU,RIBG,3378322
3029,Flinders University,2012,SA,IRU,RTS,10436773
3029,Flinders University,2012,SA,IRU,JRE,6359748
3029,Flinders University,2012,SA,IRU,SRE,1965437
3032,Griffith University,2012,QLD,IRU,APA,5302561
3032,Griffith University,2012,QLD,IRU,IPRS,465916
3032,Griffith University,2012,QLD,IRU,RIBG,4130149
3032,Griffith University,2012,QLD,IRU,RTS,13538653
3032,Griffith University,2012,QLD,IRU,JRE,7645779
3032,Griffith University,2012,QLD,IRU,SRE,2494385
1019,James Cook University,2012,QLD,IRU,APA,2649831
1019,James Cook University,2012,QLD,IRU,IPRS,222702
1019,James Cook University,2012,QLD,IRU,RIBG,2986343
1019,James Cook University,2012,QLD,IRU,RTS,7858084
1019,James Cook University,2012,QLD,IRU,JRE,3580193
1019,James Cook University,2012,QLD,IRU,SRE,1999026
3020,La Trobe University,2012,VIC,IRU,APA,4223019
3020,La Trobe University,2012,VIC,IRU,IPRS,365797
3020,La Trobe University,2012,VIC,IRU,RIBG,2866263
3020,La Trobe University,2012,VIC,IRU,RTS,10985489
3020,La Trobe University,2012,VIC,IRU,JRE,6037415
3020,La Trobe University,2012,VIC,IRU,SRE,1854061
3025,Macquarie University,2012,NSW,non-aligned,APA,5225284
3025,Macquarie University,2012,NSW,non-aligned,IPRS,447845
3025,Macquarie University,2012,NSW,non-aligned,RIBG,2650310
3025,Macquarie University,2012,NSW,non-aligned,RTS,12812248
3025,Macquarie University,2012,NSW,non-aligned,JRE,5841963
3025,Macquarie University,2012,NSW,non-aligned,SRE,2001748
3035,Monash University,2012,VIC,Go8,APA,17977135
3035,Monash University,2012,VIC,Go8,IPRS,1599448
3035,Monash University,2012,VIC,Go8,RIBG,20701809
3035,Monash University,2012,VIC,Go8,RTS,48877169
3035,Monash University,2012,VIC,Go8,JRE,25526053
3035,Monash University,2012,VIC,Go8,SRE,14319305
1034,Murdoch University,2012,WA,IRU,APA,3004008
1034,Murdoch University,2012,WA,IRU,IPRS,268610
1034,Murdoch University,2012,WA,IRU,RIBG,1627788
1034,Murdoch University,2012,WA,IRU,RTS,8588738
1034,Murdoch University,2012,WA,IRU,JRE,5704239
1034,Murdoch University,2012,WA,IRU,SRE,1301121
3042,Queensland University of Technology,2012,QLD,non-aligned,APA,6854638
3042,Queensland University of Technology,2012,QLD,non-aligned,IPRS,611942
3042,Queensland University of Technology,2012,QLD,non-aligned,RIBG,3666394
3042,Queensland University of Technology,2012,QLD,non-aligned,RTS,17414569
3042,Queensland University of Technology,2012,QLD,non-aligned,JRE,9540857
3042,Queensland University of Technology,2012,QLD,non-aligned,SRE,2449296
3034,Royal Melbourne Institute of Technology,2012,VIC,ATN,APA,4366485
3034,Royal Melbourne Institute of Technology,2012,VIC,ATN,IPRS,403403
3034,Royal Melbourne Institute of Technology,2012,VIC,ATN,RIBG,1849381
3034,Royal Melbourne Institute of Technology,2012,VIC,ATN,RTS,13553422
3034,Royal Melbourne Institute of Technology,2012,VIC,ATN,JRE,5913142
3034,Royal Melbourne Institute of Technology,2012,VIC,ATN,SRE,1344753
3038,Southern Cross University,2012,NSW,RUN,APA,1556204
3038,Southern Cross University,2012,NSW,RUN,IPRS,127956
3038,Southern Cross University,2012,NSW,RUN,RIBG,341451
3038,Southern Cross University,2012,NSW,RUN,RTS,3604960
3038,Southern Cross University,2012,NSW,RUN,JRE,1672773
3038,Southern Cross University,2012,NSW,RUN,SRE,520788
2177,Swinburne University of Technology,2012,VIC,non-aligned,APA,2351507
2177,Swinburne University of Technology,2012,VIC,non-aligned,IPRS,191934
2177,Swinburne University of Technology,2012,VIC,non-aligned,RIBG,1449107
2177,Swinburne University of Technology,2012,VIC,non-aligned,RTS,6955130
2177,Swinburne University of Technology,2012,VIC,non-aligned,JRE,2786558
2177,Swinburne University of Technology,2012,VIC,non-aligned,SRE,1208907
3033,The Australian National University,2012,ACT,Go8,APA,12264730
3033,The Australian National University,2012,ACT,Go8,IPRS,1105695
3033,The Australian National University,2012,ACT,Go8,RIBG,13866214
3033,The Australian National University,2012,ACT,Go8,RTS,34038046
3033,The Australian National University,2012,ACT,Go8,JRE,17635970
3033,The Australian National University,2012,ACT,Go8,SRE,11386855
3010,The University of Adelaide,2012,SA,Go8,APA,10493876
3010,The University of Adelaide,2012,SA,Go8,IPRS,946971
3010,The University of Adelaide,2012,SA,Go8,RIBG,13682473
3010,The University of Adelaide,2012,SA,Go8,RTS,29926446
3010,The University of Adelaide,2012,SA,Go8,JRE,15881135
3010,The University of Adelaide,2012,SA,Go8,SRE,9233897
3036,The University of Melbourne,2012,VIC,Go8,APA,25672689
3036,The University of Melbourne,2012,VIC,Go8,IPRS,2303206
3036,The University of Melbourne,2012,VIC,Go8,RIBG,30673519
3036,The University of Melbourne,2012,VIC,Go8,RTS,71979707
3036,The University of Melbourne,2012,VIC,Go8,JRE,37046451
3036,The University of Melbourne,2012,VIC,Go8,SRE,24232332
3044,The University of Notre Dame Australia,2012,WA,non-aligned,APA,161383
3044,The University of Notre Dame Australia,2012,WA,non-aligned,IPRS,63978
3044,The University of Notre Dame Australia,2012,WA,non-aligned,RIBG,52443
3044,The University of Notre Dame Australia,2012,WA,non-aligned,RTS,368214
3044,The University of Notre Dame Australia,2012,WA,non-aligned,JRE,224174
3044,The University of Notre Dame Australia,2012,WA,non-aligned,SRE,79987
3019,The University of Queensland,2012,QLD,Go8,APA,20860582
3019,The University of Queensland,2012,QLD,Go8,IPRS,1848035
3019,The University of Queensland,2012,QLD,Go8,RIBG,24937530
3019,The University of Queensland,2012,QLD,Go8,RTS,57698771
3019,The University of Queensland,2012,QLD,Go8,JRE,30526666
3019,The University of Queensland,2012,QLD,Go8,SRE,17767434
3040,The University of Sydney,2012,NSW,Go8,APA,23827073
3040,The University of Sydney,2012,NSW,Go8,IPRS,2133738
3040,The University of Sydney,2012,NSW,Go8,RIBG,28831466
3040,The University of Sydney,2012,NSW,Go8,RTS,65812856
3040,The University of Sydney,2012,NSW,Go8,JRE,35011634
3040,The University of Sydney,2012,NSW,Go8,SRE,19890426
1055,The University of Western Australia,2012,WA,Go8,APA,11467052
1055,The University of Western Australia,2012,WA,Go8,IPRS,1005577
1055,The University of Western Australia,2012,WA,Go8,RIBG,14117488
1055,The University of Western Australia,2012,WA,Go8,RTS,33018537
1055,The University of Western Australia,2012,WA,Go8,JRE,16462586
1055,The University of Western Australia,2012,WA,Go8,SRE,8694815
2241,University of Canberra,2012,ACT,IRU,APA,1207522
2241,University of Canberra,2012,ACT,IRU,IPRS,109886
2241,University of Canberra,2012,ACT,IRU,RIBG,449092
2241,University of Canberra,2012,ACT,IRU,RTS,2897956
2241,University of Canberra,2012,ACT,IRU,JRE,1965902
2241,University of Canberra,2012,ACT,IRU,SRE,684965
4331,University of Divinity,2012,VIC,non-aligned,APA,395887
4331,University of Divinity,2012,VIC,non-aligned,IPRS,63978
4331,University of Divinity,2012,VIC,non-aligned,RTS,726937
4331,University of Divinity,2012,VIC,non-aligned,JRE,333539
4331,University of Divinity,2012,VIC,non-aligned,SRE,0
3039,University of New England,2012,NSW,RUN,APA,2513332
3039,University of New England,2012,NSW,RUN,IPRS,219771
3039,University of New England,2012,NSW,RUN,RIBG,857718
3039,University of New England,2012,NSW,RUN,RTS,6977649
3039,University of New England,2012,NSW,RUN,JRE,3111986
3039,University of New England,2012,NSW,RUN,SRE,858678
3013,University of New South Wales,2012,NSW,Go8,APA,20846697
3013,University of New South Wales,2012,NSW,Go8,IPRS,1858291
3013,University of New South Wales,2012,NSW,Go8,RIBG,22879879
3013,University of New South Wales,2012,NSW,Go8,RTS,59152288
3013,University of New South Wales,2012,NSW,Go8,JRE,31485545
3013,University of New South Wales,2012,NSW,Go8,SRE,16511695
3014,University of Newcastle,2012,NSW,ATN,APA,5550335
3014,University of Newcastle,2012,NSW,ATN,IPRS,511823
3014,University of Newcastle,2012,NSW,ATN,RIBG,5971169
3014,University of Newcastle,2012,NSW,ATN,RTS,15074024
3014,University of Newcastle,2012,NSW,ATN,JRE,8688776
3014,University of Newcastle,2012,NSW,ATN,SRE,3659651
3027,University of South Australia,2012,SA,ATN,APA,4926123
3027,University of South Australia,2012,SA,ATN,IPRS,447845
3027,University of South Australia,2012,SA,ATN,RIBG,2955733
3027,University of South Australia,2012,SA,ATN,RTS,12546995
3027,University of South Australia,2012,SA,ATN,JRE,7707920
3027,University of South Australia,2012,SA,ATN,SRE,1936969
2201,University of Southern Queensland,2012,QLD,RUN,APA,1162811
2201,University of Southern Queensland,2012,QLD,RUN,IPRS,100118
2201,University of Southern Queensland,2012,QLD,RUN,RIBG,368661
2201,University of Southern Queensland,2012,QLD,RUN,RTS,2649159
2201,University of Southern Queensland,2012,QLD,RUN,JRE,1252310
2201,University of Southern Queensland,2012,QLD,RUN,SRE,562289
3045,University of Tasmania,2012,TAS,non-aligned,APA,5584553
3045,University of Tasmania,2012,TAS,non-aligned,IPRS,483986
3045,University of Tasmania,2012,TAS,non-aligned,RIBG,4837123
3045,University of Tasmania,2012,TAS,non-aligned,RTS,15175881
3045,University of Tasmania,2012,TAS,non-aligned,JRE,8468385
3045,University of Tasmania,2012,TAS,non-aligned,SRE,2860751
3016,University of Technology Sydney,2012,NSW,ATN,APA,4354238
3016,University of Technology Sydney,2012,NSW,ATN,IPRS,383868
3016,University of Technology Sydney,2012,NSW,ATN,RIBG,2344605
3016,University of Technology Sydney,2012,NSW,ATN,RTS,10289783
3016,University of Technology Sydney,2012,NSW,ATN,JRE,4771206
3016,University of Technology Sydney,2012,NSW,ATN,SRE,1576098
3043,University of the Sunshine Coast,2012,QLD,RUN,APA,424455
3043,University of the Sunshine Coast,2012,QLD,RUN,IPRS,63978
3043,University of the Sunshine Coast,2012,QLD,RUN,RIBG,153528
3043,University of the Sunshine Coast,2012,QLD,RUN,RTS,888533
3043,University of the Sunshine Coast,2012,QLD,RUN,JRE,573254
3043,University of the Sunshine Coast,2012,QLD,RUN,SRE,234164
1058,University of Wollongong,2012,NSW,non-aligned,APA,4785000
1058,University of Wollongong,2012,NSW,non-aligned,IPRS,420008
1058,University of Wollongong,2012,NSW,non-aligned,RIBG,3797566
1058,University of Wollongong,2012,NSW,non-aligned,RTS,12157082
1058,University of Wollongong,2012,NSW,non-aligned,JRE,6012269
1058,University of Wollongong,2012,NSW,non-aligned,SRE,2310126
3007,Victoria University,2012,VIC,non-aligned,APA,2015873
3007,Victoria University,2012,VIC,non-aligned,IPRS,179236
3007,Victoria University,2012,VIC,non-aligned,RIBG,338004
3007,Victoria University,2012,VIC,non-aligned,RTS,4885329
3007,Victoria University,2012,VIC,non-aligned,JRE,2474710
3007,Victoria University,2012,VIC,non-aligned,SRE,515531
3004,Western Sydney University,2012,NSW,IRU,APA,2988238
3004,Western Sydney University,2012,NSW,IRU,IPRS,255912
3004,Western Sydney University,2012,NSW,IRU,RIBG,1758343
3004,Western Sydney University,2012,NSW,IRU,RTS,7238153
3004,Western Sydney University,2012,NSW,IRU,JRE,3229370
3004,Western Sydney University,2012,NSW,IRU,SRE,1299694
3006,Australian Catholic University,2011,OTHER,non-aligned,APA,734081
3006,Australian Catholic University,2011,OTHER,non-aligned,IPRS,61633
3006,Australian Catholic University,2011,OTHER,non-aligned,CTS,26888
3006,Australian Catholic University,2011,OTHER,non-aligned,RIBG,82044
3006,Australian Catholic University,2011,OTHER,non-aligned,RTS,1773649
3006,Australian Catholic University,2011,OTHER,non-aligned,JRE,698704
3006,Australian Catholic University,2011,OTHER,non-aligned,SRE,92704
2246,Batchelor Institute of Indigenous Tertiary Education,2011,NT,non-aligned,APA,51533
2246,Batchelor Institute of Indigenous Tertiary Education,2011,NT,non-aligned,RIBG,14939
2246,Batchelor Institute of Indigenous Tertiary Education,2011,NT,non-aligned,RTS,156816
2246,Batchelor Institute of Indigenous Tertiary Education,2011,NT,non-aligned,JRE,111958
2246,Batchelor Institute of Indigenous Tertiary Education,2011,NT,non-aligned,SRE,16880
3003,Bond University ,2011,QLD,non-aligned,APA,292786
3003,Bond University ,2011,QLD,non-aligned,IPRS,61633
3003,Bond University ,2011,QLD,non-aligned,RIBG,181274
3003,Bond University ,2011,QLD,non-aligned,RTS,678220
3003,Bond University ,2011,QLD,non-aligned,JRE,343060
3003,Bond University ,2011,QLD,non-aligned,SRE,204827
2200,Central Queensland University,2011,QLD,RUN,APA,682548
2200,Central Queensland University,2011,QLD,RUN,IPRS,61633
2200,Central Queensland University,2011,QLD,RUN,RIBG,209810
2200,Central Queensland University,2011,QLD,RUN,RTS,2239885
2200,Central Queensland University,2011,QLD,RUN,JRE,1291254
2200,Central Queensland University,2011,QLD,RUN,SRE,237071
3001,Charles Darwin University,2011,NT,non-aligned,APA,1222579
3001,Charles Darwin University,2011,NT,non-aligned,IPRS,123267
3001,Charles Darwin University,2011,NT,non-aligned,RIBG,2165349
3001,Charles Darwin University,2011,NT,non-aligned,RTS,3638685
3001,Charles Darwin University,2011,NT,non-aligned,JRE,2607885
3001,Charles Darwin University,2011,NT,non-aligned,SRE,1191057
3005,Charles Sturt University,2011,NSW,RUN,APA,1292025
3005,Charles Sturt University,2011,NSW,RUN,IPRS,123267
3005,Charles Sturt University,2011,NSW,RUN,CTS,43764
3005,Charles Sturt University,2011,NSW,RUN,RIBG,1235387
3005,Charles Sturt University,2011,NSW,RUN,RTS,3587208
3005,Charles Sturt University,2011,NSW,RUN,JRE,1827308
3005,Charles Sturt University,2011,NSW,RUN,SRE,862591
2236,Curtin University,2011,WA,ATN,APA,5133138
2236,Curtin University,2011,WA,ATN,IPRS,525060
2236,Curtin University,2011,WA,ATN,CTS,177395
2236,Curtin University,2011,WA,ATN,RIBG,2657649
2236,Curtin University,2011,WA,ATN,RTS,15002957
2236,Curtin University,2011,WA,ATN,JRE,9222665
2236,Curtin University,2011,WA,ATN,SRE,1760606
3030,Deakin University,2011,VIC,ATN,APA,3382102
3030,Deakin University,2011,VIC,ATN,IPRS,325575
3030,Deakin University,2011,VIC,ATN,CTS,126255
3030,Deakin University,2011,VIC,ATN,RIBG,1950205
3030,Deakin University,2011,VIC,ATN,RTS,10131298
3030,Deakin University,2011,VIC,ATN,JRE,4672739
3030,Deakin University,2011,VIC,ATN,SRE,1274613
2235,Edith Cowan University,2011,WA,non-aligned,APA,1651791
2235,Edith Cowan University,2011,WA,non-aligned,IPRS,184900
2235,Edith Cowan University,2011,WA,non-aligned,CTS,55396
2235,Edith Cowan University,2011,WA,non-aligned,RIBG,468822
2235,Edith Cowan University,2011,WA,non-aligned,RTS,4414846
2235,Edith Cowan University,2011,WA,non-aligned,JRE,2190425
2235,Edith Cowan University,2011,WA,non-aligned,SRE,526154
2154,Federation University Australia,2011,VIC,RUN,APA,631015
2154,Federation University Australia,2011,VIC,RUN,IPRS,61633
2154,Federation University Australia,2011,VIC,RUN,RIBG,181519
2154,Federation University Australia,2011,VIC,RUN,RTS,1887109
2154,Federation University Australia,2011,VIC,RUN,JRE,881510
2154,Federation University Australia,2011,VIC,RUN,SRE,205103
3029,Flinders University,2011,SA,IRU,APA,3363000
3029,Flinders University,2011,SA,IRU,IPRS,320399
3029,Flinders University,2011,SA,IRU,CTS,117872
3029,Flinders University,2011,SA,IRU,RIBG,3225024
3029,Flinders University,2011,SA,IRU,RTS,10205038
3029,Flinders University,2011,SA,IRU,JRE,6058593
3029,Flinders University,2011,SA,IRU,SRE,1819193
3032,Griffith University,2011,QLD,IRU,APA,4398422
3032,Griffith University,2011,QLD,IRU,IPRS,431433
3032,Griffith University,2011,QLD,IRU,CTS,155459
3032,Griffith University,2011,QLD,IRU,RIBG,3473217
3032,Griffith University,2011,QLD,IRU,RTS,12941869
3032,Griffith University,2011,QLD,IRU,JRE,7171172
3032,Griffith University,2011,QLD,IRU,SRE,1922505
1019,James Cook University,2011,QLD,IRU,APA,2254445
1019,James Cook University,2011,QLD,IRU,IPRS,211718
1019,James Cook University,2011,QLD,IRU,RIBG,2665022
1019,James Cook University,2011,QLD,IRU,RTS,7808726
1019,James Cook University,2011,QLD,IRU,JRE,3629647
1019,James Cook University,2011,QLD,IRU,SRE,1616484
3020,La Trobe University,2011,VIC,IRU,APA,3560185
3020,La Trobe University,2011,VIC,IRU,IPRS,352392
3020,La Trobe University,2011,VIC,IRU,RIBG,2805756
3020,La Trobe University,2011,VIC,IRU,RTS,11014496
3020,La Trobe University,2011,VIC,IRU,JRE,6085826
3020,La Trobe University,2011,VIC,IRU,SRE,1559856
3025,Macquarie University,2011,NSW,non-aligned,APA,4424381
3025,Macquarie University,2011,NSW,non-aligned,IPRS,431433
3025,Macquarie University,2011,NSW,non-aligned,RIBG,2724901
3025,Macquarie University,2011,NSW,non-aligned,RTS,12077084
3025,Macquarie University,2011,NSW,non-aligned,JRE,5523675
3025,Macquarie University,2011,NSW,non-aligned,SRE,1868784
3035,Monash University,2011,VIC,Go8,APA,15306900
3035,Monash University,2011,VIC,Go8,IPRS,1540833
3035,Monash University,2011,VIC,Go8,CTS,531676
3035,Monash University,2011,VIC,Go8,RIBG,19862907
3035,Monash University,2011,VIC,Go8,RTS,46794973
3035,Monash University,2011,VIC,Go8,JRE,24195947
3035,Monash University,2011,VIC,Go8,SRE,10201371
1034,Murdoch University,2011,WA,IRU,APA,2502654
1034,Murdoch University,2011,WA,IRU,IPRS,273351
1034,Murdoch University,2011,WA,IRU,RIBG,1685301
1034,Murdoch University,2011,WA,IRU,RTS,8536538
1034,Murdoch University,2011,WA,IRU,JRE,5421017
1034,Murdoch University,2011,WA,IRU,SRE,1069358
3042,Queensland University of Technology,2011,QLD,non-aligned,APA,5629047
3042,Queensland University of Technology,2011,QLD,non-aligned,IPRS,572108
3042,Queensland University of Technology,2011,QLD,non-aligned,CTS,206926
3042,Queensland University of Technology,2011,QLD,non-aligned,RIBG,3558510
3042,Queensland University of Technology,2011,QLD,non-aligned,RTS,16080734
3042,Queensland University of Technology,2011,QLD,non-aligned,JRE,8841642
3042,Queensland University of Technology,2011,QLD,non-aligned,SRE,2153470
3034,Royal Melbourne Institute of Technology,2011,VIC,ATN,APA,4228812
3034,Royal Melbourne Institute of Technology,2011,VIC,ATN,IPRS,440843
3034,Royal Melbourne Institute of Technology,2011,VIC,ATN,CTS,117023
3034,Royal Melbourne Institute of Technology,2011,VIC,ATN,RIBG,1802416
3034,Royal Melbourne Institute of Technology,2011,VIC,ATN,RTS,13744456
3034,Royal Melbourne Institute of Technology,2011,VIC,ATN,JRE,5553970
3034,Royal Melbourne Institute of Technology,2011,VIC,ATN,SRE,1186533
3038,Southern Cross University,2011,NSW,RUN,APA,1322215
3038,Southern Cross University,2011,NSW,RUN,IPRS,123267
3038,Southern Cross University,2011,NSW,RUN,CTS,48493
3038,Southern Cross University,2011,NSW,RUN,RIBG,300724
3038,Southern Cross University,2011,NSW,RUN,RTS,3486329
3038,Southern Cross University,2011,NSW,RUN,JRE,1697924
3038,Southern Cross University,2011,NSW,RUN,SRE,339797
2177,Swinburne University of Technology,2011,VIC,non-aligned,APA,1991047
2177,Swinburne University of Technology,2011,VIC,non-aligned,IPRS,184900
2177,Swinburne University of Technology,2011,VIC,non-aligned,CTS,71849
2177,Swinburne University of Technology,2011,VIC,non-aligned,RIBG,1417114
2177,Swinburne University of Technology,2011,VIC,non-aligned,RTS,6671549
2177,Swinburne University of Technology,2011,VIC,non-aligned,JRE,2526754
2177,Swinburne University of Technology,2011,VIC,non-aligned,SRE,998604
3033,The Australian National University,2011,ACT,Go8,APA,10306662
3033,The Australian National University,2011,ACT,Go8,IPRS,1047767
3033,The Australian National University,2011,ACT,Go8,CTS,354437
3033,The Australian National University,2011,ACT,Go8,RIBG,14140140
3033,The Australian National University,2011,ACT,Go8,RTS,32868095
3033,The Australian National University,2011,ACT,Go8,JRE,15890184
3033,The Australian National University,2011,ACT,Go8,SRE,8034624
3010,The University of Adelaide,2011,SA,Go8,APA,8807257
3010,The University of Adelaide,2011,SA,Go8,IPRS,885450
3010,The University of Adelaide,2011,SA,Go8,RIBG,13231057
3010,The University of Adelaide,2011,SA,Go8,RTS,28583944
3010,The University of Adelaide,2011,SA,Go8,JRE,15286266
3010,The University of Adelaide,2011,SA,Go8,SRE,7135598
3036,The University of Melbourne,2011,VIC,Go8,APA,22136422
3036,The University of Melbourne,2011,VIC,Go8,IPRS,2248441
3036,The University of Melbourne,2011,VIC,Go8,CTS,782711
3036,The University of Melbourne,2011,VIC,Go8,RIBG,30361619
3036,The University of Melbourne,2011,VIC,Go8,RTS,70578754
3036,The University of Melbourne,2011,VIC,Go8,JRE,37573669
3036,The University of Melbourne,2011,VIC,Go8,SRE,17392804
3044,The University of Notre Dame Australia,2011,WA,non-aligned,APA,115916
3044,The University of Notre Dame Australia,2011,WA,non-aligned,IPRS,61633
3044,The University of Notre Dame Australia,2011,WA,non-aligned,CTS,22480
3044,The University of Notre Dame Australia,2011,WA,non-aligned,RIBG,58603
3044,The University of Notre Dame Australia,2011,WA,non-aligned,RTS,330136
3044,The University of Notre Dame Australia,2011,WA,non-aligned,JRE,179650
3044,The University of Notre Dame Australia,2011,WA,non-aligned,SRE,66217
3019,The University of Queensland,2011,QLD,Go8,APA,17573793
3019,The University of Queensland,2011,QLD,Go8,IPRS,1763372
3019,The University of Queensland,2011,QLD,Go8,CTS,637573
3019,The University of Queensland,2011,QLD,Go8,RIBG,23673488
3019,The University of Queensland,2011,QLD,Go8,RTS,55288264
3019,The University of Queensland,2011,QLD,Go8,JRE,29164616
3019,The University of Queensland,2011,QLD,Go8,SRE,10817075
3040,The University of Sydney,2011,NSW,Go8,APA,20664788
3040,The University of Sydney,2011,NSW,Go8,IPRS,2092710
3040,The University of Sydney,2011,NSW,Go8,CTS,709891
3040,The University of Sydney,2011,NSW,Go8,RIBG,28149661
3040,The University of Sydney,2011,NSW,Go8,RTS,63814876
3040,The University of Sydney,2011,NSW,Go8,JRE,35522427
3040,The University of Sydney,2011,NSW,Go8,SRE,14626528
1055,The University of Western Australia,2011,WA,Go8,APA,9947859
1055,The University of Western Australia,2011,WA,Go8,IPRS,998366
1055,The University of Western Australia,2011,WA,Go8,CTS,342897
1055,The University of Western Australia,2011,WA,Go8,RIBG,13526971
1055,The University of Western Australia,2011,WA,Go8,RTS,32482896
1055,The University of Western Australia,2011,WA,Go8,JRE,16218755
1055,The University of Western Australia,2011,WA,Go8,SRE,7051050
2241,University of Canberra,2011,ACT,IRU,APA,1016384
2241,University of Canberra,2011,ACT,IRU,IPRS,105859
2241,University of Canberra,2011,ACT,IRU,RIBG,555089
2241,University of Canberra,2011,ACT,IRU,RTS,2758030
2241,University of Canberra,2011,ACT,IRU,JRE,1754092
2241,University of Canberra,2011,ACT,IRU,SRE,572040
4331,University of Divinity,2011,VIC,non-aligned,APA,257728
4331,University of Divinity,2011,VIC,non-aligned,IPRS,61633
4331,University of Divinity,2011,VIC,non-aligned,RTS,636299
4331,University of Divinity,2011,VIC,non-aligned,JRE,312212
3039,University of New England,2011,NSW,RUN,APA,2303987
3039,University of New England,2011,NSW,RUN,IPRS,229125
3039,University of New England,2011,NSW,RUN,RIBG,964879
3039,University of New England,2011,NSW,RUN,RTS,7075998
3039,University of New England,2011,NSW,RUN,JRE,2965119
3039,University of New England,2011,NSW,RUN,SRE,795464
3013,University of New South Wales,2011,NSW,Go8,APA,17441716
3013,University of New South Wales,2011,NSW,Go8,IPRS,1745494
3013,University of New South Wales,2011,NSW,Go8,CTS,616776
3013,University of New South Wales,2011,NSW,Go8,RIBG,21449461
3013,University of New South Wales,2011,NSW,Go8,RTS,55556075
3013,University of New South Wales,2011,NSW,Go8,JRE,29405167
3013,University of New South Wales,2011,NSW,Go8,SRE,11593490
3014,University of Newcastle,2011,NSW,ATN,APA,4806097
3014,University of Newcastle,2011,NSW,ATN,IPRS,493067
3014,University of Newcastle,2011,NSW,ATN,RIBG,5481602
3014,University of Newcastle,2011,NSW,ATN,RTS,14706808
3014,University of Newcastle,2011,NSW,ATN,JRE,8538861
3014,University of Newcastle,2011,NSW,ATN,SRE,2912950
3027,University of South Australia,2011,SA,ATN,APA,4058461
3027,University of South Australia,2011,SA,ATN,IPRS,419201
3027,University of South Australia,2011,SA,ATN,CTS,144244
3027,University of South Australia,2011,SA,ATN,RIBG,2711901
3027,University of South Australia,2011,SA,ATN,RTS,11700272
3027,University of South Australia,2011,SA,ATN,JRE,7283889
3027,University of South Australia,2011,SA,ATN,SRE,1694439
2201,University of Southern Queensland,2011,QLD,RUN,APA,877590
2201,University of Southern Queensland,2011,QLD,RUN,IPRS,79041
2201,University of Southern Queensland,2011,QLD,RUN,RIBG,276090
2201,University of Southern Queensland,2011,QLD,RUN,RTS,2340347
2201,University of Southern Queensland,2011,QLD,RUN,JRE,1180925
2201,University of Southern Queensland,2011,QLD,RUN,SRE,311962
3045,University of Tasmania,2011,TAS,non-aligned,APA,4538537
3045,University of Tasmania,2011,TAS,non-aligned,IPRS,461074
3045,University of Tasmania,2011,TAS,non-aligned,RIBG,5553624
3045,University of Tasmania,2011,TAS,non-aligned,RTS,14249072
3045,University of Tasmania,2011,TAS,non-aligned,JRE,8091343
3045,University of Tasmania,2011,TAS,non-aligned,SRE,2663686
3016,University of Technology Sydney,2011,NSW,ATN,APA,3644794
3016,University of Technology Sydney,2011,NSW,ATN,IPRS,369800
3016,University of Technology Sydney,2011,NSW,ATN,CTS,133330
3016,University of Technology Sydney,2011,NSW,ATN,RIBG,2080042
3016,University of Technology Sydney,2011,NSW,ATN,RTS,9718959
3016,University of Technology Sydney,2011,NSW,ATN,JRE,4837101
3016,University of Technology Sydney,2011,NSW,ATN,SRE,1334522
3043,University of the Sunshine Coast,2011,QLD,RUN,APA,295447
3043,University of the Sunshine Coast,2011,QLD,RUN,IPRS,61633
3043,University of the Sunshine Coast,2011,QLD,RUN,RIBG,127008
3043,University of the Sunshine Coast,2011,QLD,RUN,RTS,725910
3043,University of the Sunshine Coast,2011,QLD,RUN,JRE,462990
3043,University of the Sunshine Coast,2011,QLD,RUN,SRE,143511
1058,University of Wollongong,2011,NSW,non-aligned,APA,3953126
1058,University of Wollongong,2011,NSW,non-aligned,IPRS,399441
1058,University of Wollongong,2011,NSW,non-aligned,CTS,147302
1058,University of Wollongong,2011,NSW,non-aligned,RIBG,3552964
1058,University of Wollongong,2011,NSW,non-aligned,RTS,11609226
1058,University of Wollongong,2011,NSW,non-aligned,JRE,5667685
1058,University of Wollongong,2011,NSW,non-aligned,SRE,2239263
3007,Victoria University,2011,VIC,non-aligned,APA,1636700
3007,Victoria University,2011,VIC,non-aligned,IPRS,158082
3007,Victoria University,2011,VIC,non-aligned,CTS,64789
3007,Victoria University,2011,VIC,non-aligned,RIBG,222164
3007,Victoria University,2011,VIC,non-aligned,RTS,4766600
3007,Victoria University,2011,VIC,non-aligned,JRE,2354571
3007,Victoria University,2011,VIC,non-aligned,SRE,251029
3004,Western Sydney University,2011,NSW,IRU,APA,2651030
3004,Western Sydney University,2011,NSW,IRU,IPRS,246533
3004,Western Sydney University,2011,NSW,IRU,CTS,89574
3004,Western Sydney University,2011,NSW,IRU,RIBG,1495747
3004,Western Sydney University,2011,NSW,IRU,RTS,7318974
3004,Western Sydney University,2011,NSW,IRU,JRE,3045803
3004,Western Sydney University,2011,NSW,IRU,SRE,1174187
3006,Australian Catholic University,2010,OTHER,non-aligned,APA,598628
3006,Australian Catholic University,2010,OTHER,non-aligned,IPRS,56296
3006,Australian Catholic University,2010,OTHER,non-aligned,CTS,22126
3006,Australian Catholic University,2010,OTHER,non-aligned,RIBG,123425
3006,Australian Catholic University,2010,OTHER,non-aligned,RTS,1684168
3006,Australian Catholic University,2010,OTHER,non-aligned,JRE,654085
3006,Australian Catholic University,2010,OTHER,non-aligned,SRE,283457
2246,Batchelor Institute of Indigenous Tertiary Education,2010,NT,non-aligned,RIBG,47274
2246,Batchelor Institute of Indigenous Tertiary Education,2010,NT,non-aligned,RTS,162470
2246,Batchelor Institute of Indigenous Tertiary Education,2010,NT,non-aligned,JRE,115994
2246,Batchelor Institute of Indigenous Tertiary Education,2010,NT,non-aligned,SRE,231967
3003,Bond University ,2010,QLD,non-aligned,APA,228576
3003,Bond University ,2010,QLD,non-aligned,IPRS,56015
3003,Bond University ,2010,QLD,non-aligned,CTS,22126
3003,Bond University ,2010,QLD,non-aligned,RIBG,181164
3003,Bond University ,2010,QLD,non-aligned,RTS,615435
3003,Bond University ,2010,QLD,non-aligned,JRE,266038
3003,Bond University ,2010,QLD,non-aligned,SRE,322498
2200,Central Queensland University,2010,QLD,RUN,APA,581204
2200,Central Queensland University,2010,QLD,RUN,IPRS,56015
2200,Central Queensland University,2010,QLD,RUN,CTS,22126
2200,Central Queensland University,2010,QLD,RUN,RIBG,197544
2200,Central Queensland University,2010,QLD,RUN,RTS,2320643
2200,Central Queensland University,2010,QLD,RUN,JRE,1337807
2200,Central Queensland University,2010,QLD,RUN,SRE,333574
3001,Charles Darwin University,2010,NT,non-aligned,APA,994756
3001,Charles Darwin University,2010,NT,non-aligned,IPRS,112030
3001,Charles Darwin University,2010,NT,non-aligned,CTS,36663
3001,Charles Darwin University,2010,NT,non-aligned,RIBG,2051806
3001,Charles Darwin University,2010,NT,non-aligned,RTS,3422267
3001,Charles Darwin University,2010,NT,non-aligned,JRE,2398419
3001,Charles Darwin University,2010,NT,non-aligned,SRE,1019378
3005,Charles Sturt University,2010,NSW,RUN,APA,1057929
3005,Charles Sturt University,2010,NSW,RUN,IPRS,112030
3005,Charles Sturt University,2010,NSW,RUN,CTS,40150
3005,Charles Sturt University,2010,NSW,RUN,RIBG,1284938
3005,Charles Sturt University,2010,NSW,RUN,RTS,3504261
3005,Charles Sturt University,2010,NSW,RUN,JRE,1893188
3005,Charles Sturt University,2010,NSW,RUN,SRE,781852
2236,Curtin University,2010,WA,ATN,APA,4218172
2236,Curtin University,2010,WA,ATN,IPRS,514129
2236,Curtin University,2010,WA,ATN,CTS,149746
2236,Curtin University,2010,WA,ATN,RIBG,2580722
2236,Curtin University,2010,WA,ATN,RTS,14581569
2236,Curtin University,2010,WA,ATN,JRE,8304493
2236,Curtin University,2010,WA,ATN,SRE,1249972
3030,Deakin University,2010,VIC,ATN,APA,2677490
3030,Deakin University,2010,VIC,ATN,IPRS,285981
3030,Deakin University,2010,VIC,ATN,CTS,95297
3030,Deakin University,2010,VIC,ATN,RIBG,2083130
3030,Deakin University,2010,VIC,ATN,RTS,9802683
3030,Deakin University,2010,VIC,ATN,JRE,4240017
3030,Deakin University,2010,VIC,ATN,SRE,1008570
2235,Edith Cowan University,2010,WA,non-aligned,APA,1391533
2235,Edith Cowan University,2010,WA,non-aligned,IPRS,168045
2235,Edith Cowan University,2010,WA,non-aligned,CTS,46797
2235,Edith Cowan University,2010,WA,non-aligned,RIBG,370897
2235,Edith Cowan University,2010,WA,non-aligned,RTS,4411620
2235,Edith Cowan University,2010,WA,non-aligned,JRE,2033631
2235,Edith Cowan University,2010,WA,non-aligned,SRE,450790
2154,Federation University Australia,2010,VIC,RUN,APA,534228
2154,Federation University Australia,2010,VIC,RUN,IPRS,56015
2154,Federation University Australia,2010,VIC,RUN,CTS,22126
2154,Federation University Australia,2010,VIC,RUN,RIBG,270207
2154,Federation University Australia,2010,VIC,RUN,RTS,1912575
2154,Federation University Australia,2010,VIC,RUN,JRE,854453
2154,Federation University Australia,2010,VIC,RUN,SRE,382706
3029,Flinders University,2010,SA,IRU,APA,2809670
3029,Flinders University,2010,SA,IRU,IPRS,304449
3029,Flinders University,2010,SA,IRU,CTS,100777
3029,Flinders University,2010,SA,IRU,RIBG,3058101
3029,Flinders University,2010,SA,IRU,RTS,10188915
3029,Flinders University,2010,SA,IRU,JRE,6075050
3029,Flinders University,2010,SA,IRU,SRE,1359450
3032,Griffith University,2010,QLD,IRU,APA,3619096
3032,Griffith University,2010,QLD,IRU,IPRS,403223
3032,Griffith University,2010,QLD,IRU,CTS,122265
3032,Griffith University,2010,QLD,IRU,RIBG,2817437
3032,Griffith University,2010,QLD,IRU,RTS,12962657
3032,Griffith University,2010,QLD,IRU,JRE,6587214
3032,Griffith University,2010,QLD,IRU,SRE,1192170
1019,James Cook University,2010,QLD,IRU,APA,1941237
1019,James Cook University,2010,QLD,IRU,IPRS,255074
1019,James Cook University,2010,QLD,IRU,CTS,59424
1019,James Cook University,2010,QLD,IRU,RIBG,2589894
1019,James Cook University,2010,QLD,IRU,RTS,8090264
1019,James Cook University,2010,QLD,IRU,JRE,3760506
1019,James Cook University,2010,QLD,IRU,SRE,1153382
3020,La Trobe University,2010,VIC,IRU,APA,3036493
3020,La Trobe University,2010,VIC,IRU,IPRS,336091
3020,La Trobe University,2010,VIC,IRU,CTS,97768
3020,La Trobe University,2010,VIC,IRU,RIBG,2611597
3020,La Trobe University,2010,VIC,IRU,RTS,11411616
3020,La Trobe University,2010,VIC,IRU,JRE,5887101
3020,La Trobe University,2010,VIC,IRU,SRE,1119288
3025,Macquarie University,2010,NSW,non-aligned,APA,3484517
3025,Macquarie University,2010,NSW,non-aligned,IPRS,410059
3025,Macquarie University,2010,NSW,non-aligned,CTS,125384
3025,Macquarie University,2010,NSW,non-aligned,RIBG,2877982
3025,Macquarie University,2010,NSW,non-aligned,RTS,11533105
3025,Macquarie University,2010,NSW,non-aligned,JRE,5689009
3025,Macquarie University,2010,NSW,non-aligned,SRE,1409432
3035,Monash University,2010,VIC,Go8,APA,12556715
3035,Monash University,2010,VIC,Go8,IPRS,1389261
3035,Monash University,2010,VIC,Go8,CTS,433475
3035,Monash University,2010,VIC,Go8,RIBG,19682892
3035,Monash University,2010,VIC,Go8,RTS,45709499
3035,Monash University,2010,VIC,Go8,JRE,25068279
3035,Monash University,2010,VIC,Go8,SRE,6395274
1034,Murdoch University,2010,WA,IRU,APA,2141139
1034,Murdoch University,2010,WA,IRU,IPRS,264255
1034,Murdoch University,2010,WA,IRU,CTS,63646
1034,Murdoch University,2010,WA,IRU,RIBG,1959934
1034,Murdoch University,2010,WA,IRU,RTS,8844317
1034,Murdoch University,2010,WA,IRU,JRE,4963336
1034,Murdoch University,2010,WA,IRU,SRE,871150
3042,Queensland University of Technology,2010,QLD,non-aligned,APA,4423672
3042,Queensland University of Technology,2010,QLD,non-aligned,IPRS,500762
3042,Queensland University of Technology,2010,QLD,non-aligned,CTS,159537
3042,Queensland University of Technology,2010,QLD,non-aligned,RIBG,3349629
3042,Queensland University of Technology,2010,QLD,non-aligned,RTS,15174144
3042,Queensland University of Technology,2010,QLD,non-aligned,JRE,7705942
3042,Queensland University of Technology,2010,QLD,non-aligned,SRE,1421363
3034,Royal Melbourne Institute of Technology,2010,VIC,ATN,APA,3921447
3034,Royal Melbourne Institute of Technology,2010,VIC,ATN,IPRS,459239
3034,Royal Melbourne Institute of Technology,2010,VIC,ATN,CTS,133544
3034,Royal Melbourne Institute of Technology,2010,VIC,ATN,RIBG,1729006
3034,Royal Melbourne Institute of Technology,2010,VIC,ATN,RTS,14240003
3034,Royal Melbourne Institute of Technology,2010,VIC,ATN,JRE,5369309
3034,Royal Melbourne Institute of Technology,2010,VIC,ATN,SRE,912835
3038,Southern Cross University,2010,NSW,RUN,APA,1066381
3038,Southern Cross University,2010,NSW,RUN,IPRS,112030
3038,Southern Cross University,2010,NSW,RUN,CTS,35461
3038,Southern Cross University,2010,NSW,RUN,RIBG,363294
3038,Southern Cross University,2010,NSW,RUN,RTS,3435352
3038,Southern Cross University,2010,NSW,RUN,JRE,1674557
3038,Southern Cross University,2010,NSW,RUN,SRE,445649
2177,Swinburne University of Technology,2010,VIC,non-aligned,APA,1620109
2177,Swinburne University of Technology,2010,VIC,non-aligned,IPRS,190139
2177,Swinburne University of Technology,2010,VIC,non-aligned,CTS,55225
2177,Swinburne University of Technology,2010,VIC,non-aligned,RIBG,1283473
2177,Swinburne University of Technology,2010,VIC,non-aligned,RTS,6499448
2177,Swinburne University of Technology,2010,VIC,non-aligned,JRE,2617851
2177,Swinburne University of Technology,2010,VIC,non-aligned,SRE,792433
3033,The Australian National University,2010,ACT,Go8,APA,8609274
3033,The Australian National University,2010,ACT,Go8,IPRS,1128405
3033,The Australian National University,2010,ACT,Go8,CTS,291651
3033,The Australian National University,2010,ACT,Go8,RIBG,15074236
3033,The Australian National University,2010,ACT,Go8,RTS,32716587
3033,The Australian National University,2010,ACT,Go8,JRE,16463070
3033,The Australian National University,2010,ACT,Go8,SRE,5672305
3010,The University of Adelaide,2010,SA,Go8,APA,7079037
3010,The University of Adelaide,2010,SA,Go8,IPRS,805721
3010,The University of Adelaide,2010,SA,Go8,CTS,251097
3010,The University of Adelaide,2010,SA,Go8,RIBG,12837523
3010,The University of Adelaide,2010,SA,Go8,RTS,28071685
3010,The University of Adelaide,2010,SA,Go8,JRE,15271100
3010,The University of Adelaide,2010,SA,Go8,SRE,4550618
3036,The University of Melbourne,2010,VIC,Go8,APA,18155179
3036,The University of Melbourne,2010,VIC,Go8,IPRS,2312649
3036,The University of Melbourne,2010,VIC,Go8,CTS,621763
3036,The University of Melbourne,2010,VIC,Go8,RIBG,30331384
3036,The University of Melbourne,2010,VIC,Go8,RTS,69701704
3036,The University of Melbourne,2010,VIC,Go8,JRE,37170658
3036,The University of Melbourne,2010,VIC,Go8,SRE,10621955
3044,The University of Notre Dame Australia,2010,WA,non-aligned,APA,92726
3044,The University of Notre Dame Australia,2010,WA,non-aligned,IPRS,56015
3044,The University of Notre Dame Australia,2010,WA,non-aligned,CTS,22126
3044,The University of Notre Dame Australia,2010,WA,non-aligned,RIBG,77494
3044,The University of Notre Dame Australia,2010,WA,non-aligned,RTS,314395
3044,The University of Notre Dame Australia,2010,WA,non-aligned,JRE,148055
3044,The University of Notre Dame Australia,2010,WA,non-aligned,SRE,252398
3019,The University of Queensland,2010,QLD,Go8,APA,14135455
3019,The University of Queensland,2010,QLD,Go8,IPRS,1908114
3019,The University of Queensland,2010,QLD,Go8,CTS,492699
3019,The University of Queensland,2010,QLD,Go8,RIBG,24062928
3019,The University of Queensland,2010,QLD,Go8,RTS,54167156
3019,The University of Queensland,2010,QLD,Go8,JRE,28115762
3019,The University of Queensland,2010,QLD,Go8,SRE,7697797
3040,The University of Sydney,2010,NSW,Go8,APA,17037387
3040,The University of Sydney,2010,NSW,Go8,IPRS,2105048
3040,The University of Sydney,2010,NSW,Go8,CTS,584764
3040,The University of Sydney,2010,NSW,Go8,RIBG,26844855
3040,The University of Sydney,2010,NSW,Go8,RTS,62640738
3040,The University of Sydney,2010,NSW,Go8,JRE,36803110
3040,The University of Sydney,2010,NSW,Go8,SRE,9827075
1055,The University of Western Australia,2010,WA,Go8,APA,8310298
1055,The University of Western Australia,2010,WA,Go8,IPRS,1055154
1055,The University of Western Australia,2010,WA,Go8,CTS,280355
1055,The University of Western Australia,2010,WA,Go8,RIBG,14195158
1055,The University of Western Australia,2010,WA,Go8,RTS,32361893
1055,The University of Western Australia,2010,WA,Go8,JRE,16803486
1055,The University of Western Australia,2010,WA,Go8,SRE,4856775
2241,University of Canberra,2010,ACT,IRU,APA,859454
2241,University of Canberra,2010,ACT,IRU,IPRS,100913
2241,University of Canberra,2010,ACT,IRU,CTS,31073
2241,University of Canberra,2010,ACT,IRU,RIBG,518386
2241,University of Canberra,2010,ACT,IRU,RTS,2717824
2241,University of Canberra,2010,ACT,IRU,JRE,1639137
2241,University of Canberra,2010,ACT,IRU,SRE,540964
4331,University of Divinity,2010,VIC,non-aligned,APA,172427
4331,University of Divinity,2010,VIC,non-aligned,IPRS,56015
4331,University of Divinity,2010,VIC,non-aligned,CTS,22126
4331,University of Divinity,2010,VIC,non-aligned,RTS,582121
4331,University of Divinity,2010,VIC,non-aligned,JRE,284282
4331,University of Divinity,2010,VIC,non-aligned,SRE,200000
3039,University of New England,2010,NSW,RUN,APA,2050362
3039,University of New England,2010,NSW,RUN,IPRS,224061
3039,University of New England,2010,NSW,RUN,CTS,65740
3039,University of New England,2010,NSW,RUN,RIBG,1250494
3039,University of New England,2010,NSW,RUN,RTS,7331118
3039,University of New England,2010,NSW,RUN,JRE,3072020
3039,University of New England,2010,NSW,RUN,SRE,773188
3013,University of New South Wales,2010,NSW,Go8,APA,14116147
3013,University of New South Wales,2010,NSW,Go8,IPRS,1789715
3013,University of New South Wales,2010,NSW,Go8,CTS,489718
3013,University of New South Wales,2010,NSW,Go8,RIBG,18981436
3013,University of New South Wales,2010,NSW,Go8,RTS,53196026
3013,University of New South Wales,2010,NSW,Go8,JRE,27265274
3013,University of New South Wales,2010,NSW,Go8,SRE,7151329
3014,University of Newcastle,2010,NSW,ATN,APA,3987922
3014,University of Newcastle,2010,NSW,ATN,IPRS,448121
3014,University of Newcastle,2010,NSW,ATN,CTS,134406
3014,University of Newcastle,2010,NSW,ATN,RIBG,5017151
3014,University of Newcastle,2010,NSW,ATN,RTS,14473950
3014,University of Newcastle,2010,NSW,ATN,JRE,8329782
3014,University of Newcastle,2010,NSW,ATN,SRE,1985002
3027,University of South Australia,2010,SA,ATN,APA,3273017
3027,University of South Australia,2010,SA,ATN,IPRS,367733
3027,University of South Australia,2010,SA,ATN,CTS,114094
3027,University of South Australia,2010,SA,ATN,RIBG,2383251
3027,University of South Australia,2010,SA,ATN,RTS,11276538
3027,University of South Australia,2010,SA,ATN,JRE,6631305
3027,University of South Australia,2010,SA,ATN,SRE,1091743
2201,University of Southern Queensland,2010,QLD,RUN,APA,660228
2201,University of Southern Queensland,2010,QLD,RUN,IPRS,56015
2201,University of Southern Queensland,2010,QLD,RUN,CTS,24606
2201,University of Southern Queensland,2010,QLD,RUN,RIBG,273626
2201,University of Southern Queensland,2010,QLD,RUN,RTS,2202845
2201,University of Southern Queensland,2010,QLD,RUN,JRE,1123569
2201,University of Southern Queensland,2010,QLD,RUN,SRE,385018
3045,University of Tasmania,2010,TAS,non-aligned,APA,3677495
3045,University of Tasmania,2010,TAS,non-aligned,IPRS,416963
3045,University of Tasmania,2010,TAS,non-aligned,CTS,120806
3045,University of Tasmania,2010,TAS,non-aligned,RIBG,6153736
3045,University of Tasmania,2010,TAS,non-aligned,RTS,14152940
3045,University of Tasmania,2010,TAS,non-aligned,JRE,8383059
3045,University of Tasmania,2010,TAS,non-aligned,SRE,2115186
3016,University of Technology Sydney,2010,NSW,ATN,APA,2871264
3016,University of Technology Sydney,2010,NSW,ATN,IPRS,326291
3016,University of Technology Sydney,2010,NSW,ATN,CTS,101731
3016,University of Technology Sydney,2010,NSW,ATN,RIBG,2204951
3016,University of Technology Sydney,2010,NSW,ATN,RTS,9354628
3016,University of Technology Sydney,2010,NSW,ATN,JRE,5011492
3016,University of Technology Sydney,2010,NSW,ATN,SRE,1066185
3043,University of the Sunshine Coast,2010,QLD,RUN,APA,195851
3043,University of the Sunshine Coast,2010,QLD,RUN,IPRS,56015
3043,University of the Sunshine Coast,2010,QLD,RUN,CTS,22126
3043,University of the Sunshine Coast,2010,QLD,RUN,RIBG,144406
3043,University of the Sunshine Coast,2010,QLD,RUN,RTS,634131
3043,University of the Sunshine Coast,2010,QLD,RUN,JRE,368154
3043,University of the Sunshine Coast,2010,QLD,RUN,SRE,297643
1058,University of Wollongong,2010,NSW,non-aligned,APA,3144118
1058,University of Wollongong,2010,NSW,non-aligned,IPRS,365268
1058,University of Wollongong,2010,NSW,non-aligned,CTS,106442
1058,University of Wollongong,2010,NSW,non-aligned,RIBG,3375954
1058,University of Wollongong,2010,NSW,non-aligned,RTS,11534018
1058,University of Wollongong,2010,NSW,non-aligned,JRE,5526185
1058,University of Wollongong,2010,NSW,non-aligned,SRE,1626747
3007,Victoria University,2010,VIC,non-aligned,APA,1266383
3007,Victoria University,2010,VIC,non-aligned,IPRS,169222
3007,Victoria University,2010,VIC,non-aligned,CTS,47360
3007,Victoria University,2010,VIC,non-aligned,RIBG,190048
3007,Victoria University,2010,VIC,non-aligned,RTS,4766806
3007,Victoria University,2010,VIC,non-aligned,JRE,2145803
3007,Victoria University,2010,VIC,non-aligned,SRE,328504
3004,Western Sydney University,2010,NSW,IRU,APA,2230737
3004,Western Sydney University,2010,NSW,IRU,IPRS,230424
3004,Western Sydney University,2010,NSW,IRU,CTS,76989
3004,Western Sydney University,2010,NSW,IRU,RIBG,1379637
3004,Western Sydney University,2010,NSW,IRU,RTS,7514157
3004,Western Sydney University,2010,NSW,IRU,JRE,3098418
3004,Western Sydney University,2010,NSW,IRU,SRE,822378
3006,Australian Catholic University,2009,OTHER,non-aligned,APA,449559
3006,Australian Catholic University,2009,OTHER,non-aligned,IPRS,55019
3006,Australian Catholic University,2009,OTHER,non-aligned,CTS,21709
3006,Australian Catholic University,2009,OTHER,non-aligned,IGS,654003
3006,Australian Catholic University,2009,OTHER,non-aligned,RIBG,145145
3006,Australian Catholic University,2009,OTHER,non-aligned,RTS,1597618
2246,Batchelor Institute of Indigenous Tertiary Education,2009,NT,non-aligned,APA,63568
2246,Batchelor Institute of Indigenous Tertiary Education,2009,NT,non-aligned,CTS,21671
2246,Batchelor Institute of Indigenous Tertiary Education,2009,NT,non-aligned,IGS,119588
2246,Batchelor Institute of Indigenous Tertiary Education,2009,NT,non-aligned,RIBG,33753
2246,Batchelor Institute of Indigenous Tertiary Education,2009,NT,non-aligned,RTS,167551
3003,Bond University ,2009,QLD,non-aligned,APA,147939
3003,Bond University ,2009,QLD,non-aligned,IPRS,54737
3003,Bond University ,2009,QLD,non-aligned,CTS,21671
3003,Bond University ,2009,QLD,non-aligned,IGS,203845
3003,Bond University ,2009,QLD,non-aligned,RIBG,96582
3003,Bond University ,2009,QLD,non-aligned,RTS,533510
2200,Central Queensland University,2009,QLD,RUN,APA,459137
2200,Central Queensland University,2009,QLD,RUN,IPRS,54737
2200,Central Queensland University,2009,QLD,RUN,CTS,21671
2200,Central Queensland University,2009,QLD,RUN,IGS,1298941
2200,Central Queensland University,2009,QLD,RUN,RIBG,186582
2200,Central Queensland University,2009,QLD,RUN,RTS,2393213
3001,Charles Darwin University,2009,NT,non-aligned,APA,684802
3001,Charles Darwin University,2009,NT,non-aligned,IPRS,109473
3001,Charles Darwin University,2009,NT,non-aligned,CTS,32051
3001,Charles Darwin University,2009,NT,non-aligned,IGS,2262880
3001,Charles Darwin University,2009,NT,non-aligned,RIBG,1660949
3001,Charles Darwin University,2009,NT,non-aligned,RTS,3134620
3005,Charles Sturt University,2009,NSW,RUN,APA,702410
3005,Charles Sturt University,2009,NSW,RUN,IPRS,109473
3005,Charles Sturt University,2009,NSW,RUN,CTS,33302
3005,Charles Sturt University,2009,NSW,RUN,IGS,1951844
3005,Charles Sturt University,2009,NSW,RUN,RIBG,1303973
3005,Charles Sturt University,2009,NSW,RUN,RTS,3283759
2236,Curtin University,2009,WA,ATN,APA,3042980
2236,Curtin University,2009,WA,ATN,IPRS,498584
2236,Curtin University,2009,WA,ATN,CTS,141504
2236,Curtin University,2009,WA,ATN,IGS,6940851
2236,Curtin University,2009,WA,ATN,RIBG,2623677
2236,Curtin University,2009,WA,ATN,RTS,13932216
3030,Deakin University,2009,VIC,ATN,APA,1934685
3030,Deakin University,2009,VIC,ATN,IPRS,279590
3030,Deakin University,2009,VIC,ATN,CTS,85156
3030,Deakin University,2009,VIC,ATN,IGS,4144798
3030,Deakin University,2009,VIC,ATN,RIBG,2247692
3030,Deakin University,2009,VIC,ATN,RTS,9573569
2235,Edith Cowan University,2009,WA,non-aligned,APA,1056374
2235,Edith Cowan University,2009,WA,non-aligned,IPRS,164210
2235,Edith Cowan University,2009,WA,non-aligned,CTS,45521
2235,Edith Cowan University,2009,WA,non-aligned,IGS,1865142
2235,Edith Cowan University,2009,WA,non-aligned,RIBG,384833
2235,Edith Cowan University,2009,WA,non-aligned,RTS,4380337
2154,Federation University Australia,2009,VIC,RUN,APA,404630
2154,Federation University Australia,2009,VIC,RUN,IPRS,54737
2154,Federation University Australia,2009,VIC,RUN,CTS,21671
2154,Federation University Australia,2009,VIC,RUN,IGS,813464
2154,Federation University Australia,2009,VIC,RUN,RIBG,261092
2154,Federation University Australia,2009,VIC,RUN,RTS,1881840
3029,Flinders University,2009,SA,IRU,APA,2041280
3029,Flinders University,2009,SA,IRU,IPRS,312960
3029,Flinders University,2009,SA,IRU,CTS,85603
3029,Flinders University,2009,SA,IRU,IGS,5796236
3029,Flinders University,2009,SA,IRU,RIBG,3022742
3029,Flinders University,2009,SA,IRU,RTS,10077253
3032,Griffith University,2009,QLD,IRU,APA,2740365
3032,Griffith University,2009,QLD,IRU,IPRS,406974
3032,Griffith University,2009,QLD,IRU,CTS,119294
3032,Griffith University,2009,QLD,IRU,IGS,5976095
3032,Griffith University,2009,QLD,IRU,RIBG,2672463
3032,Griffith University,2009,QLD,IRU,RTS,13045726
1019,James Cook University,2009,QLD,IRU,APA,1563759
1019,James Cook University,2009,QLD,IRU,IPRS,265783
1019,James Cook University,2009,QLD,IRU,CTS,67019
1019,James Cook University,2009,QLD,IRU,IGS,3877016
1019,James Cook University,2009,QLD,IRU,RIBG,2277696
1019,James Cook University,2009,QLD,IRU,RTS,8343260
3020,La Trobe University,2009,VIC,IRU,APA,2374660
3020,La Trobe University,2009,VIC,IRU,IPRS,339284
3020,La Trobe University,2009,VIC,IRU,CTS,105087
3020,La Trobe University,2009,VIC,IRU,IGS,5492418
3020,La Trobe University,2009,VIC,IRU,RIBG,2510968
3020,La Trobe University,2009,VIC,IRU,RTS,11768477
3025,Macquarie University,2009,NSW,non-aligned,APA,2434007
3025,Macquarie University,2009,NSW,non-aligned,IPRS,388411
3025,Macquarie University,2009,NSW,non-aligned,CTS,113586
3025,Macquarie University,2009,NSW,non-aligned,IGS,5831952
3025,Macquarie University,2009,NSW,non-aligned,RIBG,3161527
3025,Macquarie University,2009,NSW,non-aligned,RTS,11097437
3035,Monash University,2009,VIC,Go8,APA,9118632
3035,Monash University,2009,VIC,Go8,IPRS,1344601
3035,Monash University,2009,VIC,Go8,CTS,418717
3035,Monash University,2009,VIC,Go8,IGS,25511819
3035,Monash University,2009,VIC,Go8,RIBG,19255736
3035,Monash University,2009,VIC,Go8,RTS,44323483
1034,Murdoch University,2009,WA,IRU,APA,1808450
1034,Murdoch University,2009,WA,IRU,IPRS,284547
1034,Murdoch University,2009,WA,IRU,CTS,76043
1034,Murdoch University,2009,WA,IRU,IGS,4946020
1034,Murdoch University,2009,WA,IRU,RIBG,2360849
1034,Murdoch University,2009,WA,IRU,RTS,9120894
3042,Queensland University of Technology,2009,QLD,non-aligned,APA,3085365
3042,Queensland University of Technology,2009,QLD,non-aligned,IPRS,476558
3042,Queensland University of Technology,2009,QLD,non-aligned,CTS,144064
3042,Queensland University of Technology,2009,QLD,non-aligned,IGS,6776053
3042,Queensland University of Technology,2009,QLD,non-aligned,RIBG,3237362
3042,Queensland University of Technology,2009,QLD,non-aligned,RTS,14097535
3034,Royal Melbourne Institute of Technology,2009,VIC,ATN,APA,2944451
3034,Royal Melbourne Institute of Technology,2009,VIC,ATN,IPRS,461711
3034,Royal Melbourne Institute of Technology,2009,VIC,ATN,CTS,131408
3034,Royal Melbourne Institute of Technology,2009,VIC,ATN,IGS,5242957
3034,Royal Melbourne Institute of Technology,2009,VIC,ATN,RIBG,1669328
3034,Royal Melbourne Institute of Technology,2009,VIC,ATN,RTS,14186620
3038,Southern Cross University,2009,NSW,RUN,APA,820224
3038,Southern Cross University,2009,NSW,RUN,IPRS,109473
3038,Southern Cross University,2009,NSW,RUN,CTS,37953
3038,Southern Cross University,2009,NSW,RUN,IGS,1544093
3038,Southern Cross University,2009,NSW,RUN,RIBG,392962
3038,Southern Cross University,2009,NSW,RUN,RTS,3494667
2177,Swinburne University of Technology,2009,VIC,non-aligned,APA,1195251
2177,Swinburne University of Technology,2009,VIC,non-aligned,IPRS,186304
2177,Swinburne University of Technology,2009,VIC,non-aligned,CTS,52992
2177,Swinburne University of Technology,2009,VIC,non-aligned,IGS,2572180
2177,Swinburne University of Technology,2009,VIC,non-aligned,RIBG,1155791
2177,Swinburne University of Technology,2009,VIC,non-aligned,RTS,6307766
3033,The Australian National University,2009,ACT,Go8,APA,6437934
3033,The Australian National University,2009,ACT,Go8,IPRS,1108507
3033,The Australian National University,2009,ACT,Go8,CTS,280265
3033,The Australian National University,2009,ACT,Go8,IGS,16973136
3033,The Australian National University,2009,ACT,Go8,RIBG,16468895
3033,The Australian National University,2009,ACT,Go8,RTS,31925065
3010,The University of Adelaide,2009,SA,Go8,APA,5142950
3010,The University of Adelaide,2009,SA,Go8,IPRS,778827
3010,The University of Adelaide,2009,SA,Go8,CTS,232093
3010,The University of Adelaide,2009,SA,Go8,IGS,15744235
3010,The University of Adelaide,2009,SA,Go8,RIBG,12961027
3010,The University of Adelaide,2009,SA,Go8,RTS,27809328
3036,The University of Melbourne,2009,VIC,Go8,APA,13477462
3036,The University of Melbourne,2009,VIC,Go8,IPRS,2296065
3036,The University of Melbourne,2009,VIC,Go8,CTS,584945
3036,The University of Melbourne,2009,VIC,Go8,IGS,36364394
3036,The University of Melbourne,2009,VIC,Go8,RIBG,29070545
3036,The University of Melbourne,2009,VIC,Go8,RTS,68155890
3044,The University of Notre Dame Australia,2009,WA,non-aligned,APA,63568
3044,The University of Notre Dame Australia,2009,WA,non-aligned,IPRS,54737
3044,The University of Notre Dame Australia,2009,WA,non-aligned,CTS,21671
3044,The University of Notre Dame Australia,2009,WA,non-aligned,IGS,130059
3044,The University of Notre Dame Australia,2009,WA,non-aligned,RIBG,61531
3044,The University of Notre Dame Australia,2009,WA,non-aligned,RTS,297671
3019,The University of Queensland,2009,QLD,Go8,APA,10404316
3019,The University of Queensland,2009,QLD,Go8,IPRS,1869558
3019,The University of Queensland,2009,QLD,Go8,CTS,451665
3019,The University of Queensland,2009,QLD,Go8,IGS,28986856
3019,The University of Queensland,2009,QLD,Go8,RIBG,22676107
3019,The University of Queensland,2009,QLD,Go8,RTS,53710065
3040,The University of Sydney,2009,NSW,Go8,APA,12378866
3040,The University of Sydney,2009,NSW,Go8,IPRS,2035824
3040,The University of Sydney,2009,NSW,Go8,CTS,572468
3040,The University of Sydney,2009,NSW,Go8,IGS,36275566
3040,The University of Sydney,2009,NSW,Go8,RIBG,25483164
3040,The University of Sydney,2009,NSW,Go8,RTS,60706018
1055,The University of Western Australia,2009,WA,Go8,APA,6218142
1055,The University of Western Australia,2009,WA,Go8,IPRS,1051439
1055,The University of Western Australia,2009,WA,Go8,CTS,270650
1055,The University of Western Australia,2009,WA,Go8,IGS,17324098
1055,The University of Western Australia,2009,WA,Go8,RIBG,14269056
1055,The University of Western Australia,2009,WA,Go8,RTS,31859745
2241,University of Canberra,2009,ACT,IRU,APA,590593
2241,University of Canberra,2009,ACT,IRU,IPRS,96520
2241,University of Canberra,2009,ACT,IRU,CTS,29594
2241,University of Canberra,2009,ACT,IRU,IGS,1556792
2241,University of Canberra,2009,ACT,IRU,RIBG,454862
2241,University of Canberra,2009,ACT,IRU,RTS,2611424
4331,University of Divinity,2009,VIC,non-aligned,APA,142457
4331,University of Divinity,2009,VIC,non-aligned,IPRS,54737
4331,University of Divinity,2009,VIC,non-aligned,CTS,21671
4331,University of Divinity,2009,VIC,non-aligned,IGS,209100
4331,University of Divinity,2009,VIC,non-aligned,RTS,584091
3039,University of New England,2009,NSW,RUN,APA,1605363
3039,University of New England,2009,NSW,RUN,IPRS,218947
3039,University of New England,2009,NSW,RUN,CTS,70787
3039,University of New England,2009,NSW,RUN,IGS,3167199
3039,University of New England,2009,NSW,RUN,RIBG,1466145
3039,University of New England,2009,NSW,RUN,RTS,7560375
3013,University of New South Wales,2009,NSW,Go8,APA,10065362
3013,University of New South Wales,2009,NSW,Go8,IPRS,1706064
3013,University of New South Wales,2009,NSW,Go8,CTS,470117
3013,University of New South Wales,2009,NSW,Go8,IGS,24830239
3013,University of New South Wales,2009,NSW,Go8,RIBG,17316183
3013,University of New South Wales,2009,NSW,Go8,RTS,50274904
3014,University of Newcastle,2009,NSW,ATN,APA,2978416
3014,University of Newcastle,2009,NSW,ATN,IPRS,437894
3014,University of Newcastle,2009,NSW,ATN,CTS,133402
3014,University of Newcastle,2009,NSW,ATN,IGS,7674787
3014,University of Newcastle,2009,NSW,ATN,RIBG,5053890
3014,University of Newcastle,2009,NSW,ATN,RTS,14135307
3027,University of South Australia,2009,SA,ATN,APA,2355635
3027,University of South Australia,2009,SA,ATN,IPRS,343880
3027,University of South Australia,2009,SA,ATN,CTS,109712
3027,University of South Australia,2009,SA,ATN,IGS,5708391
3027,University of South Australia,2009,SA,ATN,RIBG,2294997
3027,University of South Australia,2009,SA,ATN,RTS,10752696
2201,University of Southern Queensland,2009,QLD,RUN,APA,464619
2201,University of Southern Queensland,2009,QLD,RUN,IPRS,54737
2201,University of Southern Queensland,2009,QLD,RUN,CTS,21671
2201,University of Southern Queensland,2009,QLD,RUN,IGS,1024816
2201,University of Southern Queensland,2009,QLD,RUN,RIBG,331376
2201,University of Southern Queensland,2009,QLD,RUN,RTS,2101999
3045,University of Tasmania,2009,TAS,non-aligned,APA,2803678
3045,University of Tasmania,2009,TAS,non-aligned,IPRS,422918
3045,University of Tasmania,2009,TAS,non-aligned,CTS,123052
3045,University of Tasmania,2009,TAS,non-aligned,IGS,8642786
3045,University of Tasmania,2009,TAS,non-aligned,RIBG,5723822
3045,University of Tasmania,2009,TAS,non-aligned,RTS,14439633
3016,University of Technology Sydney,2009,NSW,ATN,APA,2032957
3016,University of Technology Sydney,2009,NSW,ATN,IPRS,305922
3016,University of Technology Sydney,2009,NSW,ATN,CTS,95791
3016,University of Technology Sydney,2009,NSW,ATN,IGS,5166760
3016,University of Technology Sydney,2009,NSW,ATN,RIBG,2607517
3016,University of Technology Sydney,2009,NSW,ATN,RTS,9138693
3043,University of the Sunshine Coast,2009,QLD,RUN,APA,123557
3043,University of the Sunshine Coast,2009,QLD,RUN,IPRS,54737
3043,University of the Sunshine Coast,2009,QLD,RUN,CTS,21671
3043,University of the Sunshine Coast,2009,QLD,RUN,IGS,308754
3043,University of the Sunshine Coast,2009,QLD,RUN,RIBG,77929
3043,University of the Sunshine Coast,2009,QLD,RUN,RTS,617107
1058,University of Wollongong,2009,NSW,non-aligned,APA,2324516
1058,University of Wollongong,2009,NSW,non-aligned,IPRS,359802
1058,University of Wollongong,2009,NSW,non-aligned,CTS,101079
1058,University of Wollongong,2009,NSW,non-aligned,IGS,5697400
1058,University of Wollongong,2009,NSW,non-aligned,RIBG,3621387
1058,University of Wollongong,2009,NSW,non-aligned,RTS,11761210
3007,Victoria University,2009,VIC,non-aligned,APA,930916
3007,Victoria University,2009,VIC,non-aligned,IPRS,163544
3007,Victoria University,2009,VIC,non-aligned,CTS,35568
3007,Victoria University,2009,VIC,non-aligned,IGS,1906683
3007,Victoria University,2009,VIC,non-aligned,RIBG,372919
3007,Victoria University,2009,VIC,non-aligned,RTS,4915872
3004,Western Sydney University,2009,NSW,IRU,APA,1626165
3004,Western Sydney University,2009,NSW,IRU,IPRS,236175
3004,Western Sydney University,2009,NSW,IRU,CTS,74435
3004,Western Sydney University,2009,NSW,IRU,IGS,3030754
3004,Western Sydney University,2009,NSW,IRU,RIBG,1378946
3004,Western Sydney University,2009,NSW,IRU,RTS,7569556
3006,Australian Catholic University,2008,OTHER,non-aligned,APA,327799
3006,Australian Catholic University,2008,OTHER,non-aligned,IPRS,55461
3006,Australian Catholic University,2008,OTHER,non-aligned,IGS,674266
3006,Australian Catholic University,2008,OTHER,non-aligned,RIBG,150145
3006,Australian Catholic University,2008,OTHER,non-aligned,RTS,1440487
2246,Batchelor Institute of Indigenous Tertiary Education,2008,NT,non-aligned,APA,62162
2246,Batchelor Institute of Indigenous Tertiary Education,2008,NT,non-aligned,IGS,123293
2246,Batchelor Institute of Indigenous Tertiary Education,2008,NT,non-aligned,RTS,167901
3003,Bond University ,2008,QLD,non-aligned,APA,115555
3003,Bond University ,2008,QLD,non-aligned,IPRS,55461
3003,Bond University ,2008,QLD,non-aligned,CTS,21226
3003,Bond University ,2008,QLD,non-aligned,IGS,139949
3003,Bond University ,2008,QLD,non-aligned,RIBG,36888
3003,Bond University ,2008,QLD,non-aligned,RTS,446470
2200,Central Queensland University,2008,QLD,RUN,APA,399745
2200,Central Queensland University,2008,QLD,RUN,IPRS,55461
2200,Central Queensland University,2008,QLD,RUN,IGS,1339186
2200,Central Queensland University,2008,QLD,RUN,RIBG,270412
2200,Central Queensland University,2008,QLD,RUN,RPS,80884
2200,Central Queensland University,2008,QLD,RUN,RTS,2467357
3001,Charles Darwin University,2008,NT,non-aligned,APA,507002
3001,Charles Darwin University,2008,NT,non-aligned,IPRS,99914
3001,Charles Darwin University,2008,NT,non-aligned,CTS,28499
3001,Charles Darwin University,2008,NT,non-aligned,IGS,2056091
3001,Charles Darwin University,2008,NT,non-aligned,RIBG,1474626
3001,Charles Darwin University,2008,NT,non-aligned,RTS,2851007
3005,Charles Sturt University,2008,NSW,RUN,APA,541450
3005,Charles Sturt University,2008,NSW,RUN,IPRS,117865
3005,Charles Sturt University,2008,NSW,RUN,CTS,30599
3005,Charles Sturt University,2008,NSW,RUN,IGS,1849147
3005,Charles Sturt University,2008,NSW,RUN,RIBG,1107007
3005,Charles Sturt University,2008,NSW,RUN,RTS,3185307
2236,Curtin University,2008,WA,ATN,APA,2404788
2236,Curtin University,2008,WA,ATN,IPRS,456808
2236,Curtin University,2008,WA,ATN,CTS,126505
2236,Curtin University,2008,WA,ATN,IGS,6437670
2236,Curtin University,2008,WA,ATN,RIBG,2365708
2236,Curtin University,2008,WA,ATN,RTS,13289977
3030,Deakin University,2008,VIC,ATN,APA,1619598
3030,Deakin University,2008,VIC,ATN,IPRS,288310
3030,Deakin University,2008,VIC,ATN,CTS,84708
3030,Deakin University,2008,VIC,ATN,IGS,4273216
3030,Deakin University,2008,VIC,ATN,RIBG,2193763
3030,Deakin University,2008,VIC,ATN,RTS,9453804
2235,Edith Cowan University,2008,WA,non-aligned,APA,879033
2235,Edith Cowan University,2008,WA,non-aligned,IPRS,178552
2235,Edith Cowan University,2008,WA,non-aligned,CTS,47576
2235,Edith Cowan University,2008,WA,non-aligned,IGS,1922930
2235,Edith Cowan University,2008,WA,non-aligned,RIBG,458096
2235,Edith Cowan University,2008,WA,non-aligned,RTS,4334913
2154,Federation University Australia,2008,VIC,RUN,APA,343820
2154,Federation University Australia,2008,VIC,RUN,IPRS,55461
2154,Federation University Australia,2008,VIC,RUN,CTS,21226
2154,Federation University Australia,2008,VIC,RUN,IGS,838667
2154,Federation University Australia,2008,VIC,RUN,RIBG,210317
2154,Federation University Australia,2008,VIC,RUN,RTS,1802222
3029,Flinders University,2008,SA,IRU,APA,1716756
3029,Flinders University,2008,SA,IRU,IPRS,418564
3029,Flinders University,2008,SA,IRU,CTS,94361
3029,Flinders University,2008,SA,IRU,IGS,5975820
3029,Flinders University,2008,SA,IRU,RIBG,2943988
3029,Flinders University,2008,SA,IRU,RTS,10389454
3032,Griffith University,2008,QLD,IRU,APA,2274227
3032,Griffith University,2008,QLD,IRU,IPRS,477576
3032,Griffith University,2008,QLD,IRU,CTS,119761
3032,Griffith University,2008,QLD,IRU,IGS,5978309
3032,Griffith University,2008,QLD,IRU,RIBG,2505358
3032,Griffith University,2008,QLD,IRU,RTS,13037903
1019,James Cook University,2008,QLD,IRU,APA,1305397
1019,James Cook University,2008,QLD,IRU,IPRS,221842
1019,James Cook University,2008,QLD,IRU,CTS,70798
1019,James Cook University,2008,QLD,IRU,IGS,3997137
1019,James Cook University,2008,QLD,IRU,RIBG,1825136
1019,James Cook University,2008,QLD,IRU,RPS,367320
1019,James Cook University,2008,QLD,IRU,RTS,8483803
3020,La Trobe University,2008,VIC,IRU,APA,1995490
3020,La Trobe University,2008,VIC,IRU,IPRS,485948
3020,La Trobe University,2008,VIC,IRU,CTS,103505
3020,La Trobe University,2008,VIC,IRU,IGS,5330524
3020,La Trobe University,2008,VIC,IRU,RIBG,2544903
3020,La Trobe University,2008,VIC,IRU,RPS,1173997
3020,La Trobe University,2008,VIC,IRU,RTS,12133073
3025,Macquarie University,2008,NSW,non-aligned,APA,1864308
3025,Macquarie University,2008,NSW,non-aligned,IPRS,372972
3025,Macquarie University,2008,NSW,non-aligned,CTS,108807
3025,Macquarie University,2008,NSW,non-aligned,IGS,5829009
3025,Macquarie University,2008,NSW,non-aligned,RIBG,3438184
3025,Macquarie University,2008,NSW,non-aligned,RTS,10996611
3035,Monash University,2008,VIC,Go8,APA,7182116
3035,Monash University,2008,VIC,Go8,IPRS,1526178
3035,Monash University,2008,VIC,Go8,CTS,404520
3035,Monash University,2008,VIC,Go8,IGS,23581588
3035,Monash University,2008,VIC,Go8,RIBG,17954700
3035,Monash University,2008,VIC,Go8,RTS,42738965
1034,Murdoch University,2008,WA,IRU,APA,1567065
1034,Murdoch University,2008,WA,IRU,IPRS,301434
1034,Murdoch University,2008,WA,IRU,CTS,79278
1034,Murdoch University,2008,WA,IRU,IGS,5099262
1034,Murdoch University,2008,WA,IRU,RIBG,2311299
1034,Murdoch University,2008,WA,IRU,RTS,9403466
3042,Queensland University of Technology,2008,QLD,non-aligned,APA,2349598
3042,Queensland University of Technology,2008,QLD,non-aligned,IPRS,448341
3042,Queensland University of Technology,2008,QLD,non-aligned,CTS,137707
3042,Queensland University of Technology,2008,QLD,non-aligned,IGS,6269511
3042,Queensland University of Technology,2008,QLD,non-aligned,RIBG,3301793
3042,Queensland University of Technology,2008,QLD,non-aligned,RTS,13044533
3034,Royal Melbourne Institute of Technology,2008,VIC,ATN,APA,2439391
3034,Royal Melbourne Institute of Technology,2008,VIC,ATN,IPRS,591759
3034,Royal Melbourne Institute of Technology,2008,VIC,ATN,CTS,126740
3034,Royal Melbourne Institute of Technology,2008,VIC,ATN,IGS,5223518
3034,Royal Melbourne Institute of Technology,2008,VIC,ATN,RIBG,1649788
3034,Royal Melbourne Institute of Technology,2008,VIC,ATN,RTS,13963070
3038,Southern Cross University,2008,NSW,RUN,APA,677933
3038,Southern Cross University,2008,NSW,RUN,IPRS,158804
3038,Southern Cross University,2008,NSW,RUN,CTS,34299
3038,Southern Cross University,2008,NSW,RUN,IGS,1591934
3038,Southern Cross University,2008,NSW,RUN,RIBG,348351
3038,Southern Cross University,2008,NSW,RUN,RTS,3441718
2177,Swinburne University of Technology,2008,VIC,non-aligned,APA,970815
2177,Swinburne University of Technology,2008,VIC,non-aligned,IPRS,166382
2177,Swinburne University of Technology,2008,VIC,non-aligned,CTS,55060
2177,Swinburne University of Technology,2008,VIC,non-aligned,IGS,2433691
2177,Swinburne University of Technology,2008,VIC,non-aligned,RIBG,1158615
2177,Swinburne University of Technology,2008,VIC,non-aligned,RTS,6041212
3033,The Australian National University,2008,ACT,Go8,APA,5249148
3033,The Australian National University,2008,ACT,Go8,IPRS,958493
3033,The Australian National University,2008,ACT,Go8,CTS,290276
3033,The Australian National University,2008,ACT,Go8,IGS,17499014
3033,The Australian National University,2008,ACT,Go8,RIBG,17881023
3033,The Australian National University,2008,ACT,Go8,RTS,30824261
3010,The University of Adelaide,2008,SA,Go8,APA,4210322
3010,The University of Adelaide,2008,SA,Go8,IPRS,769250
3010,The University of Adelaide,2008,SA,Go8,CTS,218697
3010,The University of Adelaide,2008,SA,Go8,IGS,16232038
3010,The University of Adelaide,2008,SA,Go8,RIBG,13640873
3010,The University of Adelaide,2008,SA,Go8,RTS,28126820
3036,The University of Melbourne,2008,VIC,Go8,APA,11154359
3036,The University of Melbourne,2008,VIC,Go8,IPRS,2107496
3036,The University of Melbourne,2008,VIC,Go8,CTS,607553
3036,The University of Melbourne,2008,VIC,Go8,IGS,36915207
3036,The University of Melbourne,2008,VIC,Go8,RIBG,27095313
3036,The University of Melbourne,2008,VIC,Go8,RTS,66370836
3044,The University of Notre Dame Australia,2008,WA,non-aligned,APA,62162
3044,The University of Notre Dame Australia,2008,WA,non-aligned,IPRS,55461
3044,The University of Notre Dame Australia,2008,WA,non-aligned,IGS,124028
3044,The University of Notre Dame Australia,2008,WA,non-aligned,RIBG,17996
3044,The University of Notre Dame Australia,2008,WA,non-aligned,RTS,296619
3019,The University of Queensland,2008,QLD,Go8,APA,8677436
3019,The University of Queensland,2008,QLD,Go8,IPRS,1603698
3019,The University of Queensland,2008,QLD,Go8,CTS,462456
3019,The University of Queensland,2008,QLD,Go8,IGS,29120717
3019,The University of Queensland,2008,QLD,Go8,RIBG,21359168
3019,The University of Queensland,2008,QLD,Go8,RTS,54096102
3040,The University of Sydney,2008,NSW,Go8,APA,9625715
3040,The University of Sydney,2008,NSW,Go8,IPRS,1795058
3040,The University of Sydney,2008,NSW,Go8,CTS,557017
3040,The University of Sydney,2008,NSW,Go8,IGS,33434537
3040,The University of Sydney,2008,NSW,Go8,RIBG,24526809
3040,The University of Sydney,2008,NSW,Go8,RTS,58534746
1055,The University of Western Australia,2008,WA,Go8,APA,5077433
1055,The University of Western Australia,2008,WA,Go8,IPRS,947486
1055,The University of Western Australia,2008,WA,Go8,CTS,280272
1055,The University of Western Australia,2008,WA,Go8,IGS,16988641
1055,The University of Western Australia,2008,WA,Go8,RIBG,14359070
1055,The University of Western Australia,2008,WA,Go8,RTS,31238891
2241,University of Canberra,2008,ACT,IRU,APA,461437
2241,University of Canberra,2008,ACT,IRU,IPRS,134414
2241,University of Canberra,2008,ACT,IRU,CTS,25702
2241,University of Canberra,2008,ACT,IRU,IGS,1605026
2241,University of Canberra,2008,ACT,IRU,RIBG,478475
2241,University of Canberra,2008,ACT,IRU,RTS,2574710
4331,University of Divinity,2008,VIC,non-aligned,APA,151098
4331,University of Divinity,2008,VIC,non-aligned,IPRS,55461
4331,University of Divinity,2008,VIC,non-aligned,CTS,21226
4331,University of Divinity,2008,VIC,non-aligned,IGS,215578
4331,University of Divinity,2008,VIC,non-aligned,RTS,574860
3039,University of New England,2008,NSW,RUN,APA,1305397
3039,University of New England,2008,NSW,RUN,IPRS,232850
3039,University of New England,2008,NSW,RUN,CTS,70604
3039,University of New England,2008,NSW,RUN,IGS,3265328
3039,University of New England,2008,NSW,RUN,RIBG,1583842
3039,University of New England,2008,NSW,RUN,RPS,620413
3039,University of New England,2008,NSW,RUN,RTS,7700108
3013,University of New South Wales,2008,NSW,Go8,APA,7642699
3013,University of New South Wales,2008,NSW,Go8,IPRS,1414032
3013,University of New South Wales,2008,NSW,Go8,CTS,452202
3013,University of New South Wales,2008,NSW,Go8,IGS,23070982
3013,University of New South Wales,2008,NSW,Go8,RIBG,16652755
3013,University of New South Wales,2008,NSW,Go8,RTS,46905743
3014,University of Newcastle,2008,NSW,ATN,APA,2389237
3014,University of Newcastle,2008,NSW,ATN,IPRS,449808
3014,University of Newcastle,2008,NSW,ATN,CTS,134746
3014,University of Newcastle,2008,NSW,ATN,IGS,7478359
3014,University of Newcastle,2008,NSW,ATN,RIBG,5336427
3014,University of Newcastle,2008,NSW,ATN,RPS,513570
3014,University of Newcastle,2008,NSW,ATN,RTS,13715357
3027,University of South Australia,2008,SA,ATN,APA,1832312
3027,University of South Australia,2008,SA,ATN,IPRS,373544
3027,University of South Australia,2008,SA,ATN,CTS,103893
3027,University of South Australia,2008,SA,ATN,IGS,5309636
3027,University of South Australia,2008,SA,ATN,RIBG,2145288
3027,University of South Australia,2008,SA,ATN,RTS,10019370
2201,University of Southern Queensland,2008,QLD,RUN,APA,372971
2201,University of Southern Queensland,2008,QLD,RUN,IPRS,55461
2201,University of Southern Queensland,2008,QLD,RUN,CTS,21226
2201,University of Southern Queensland,2008,QLD,RUN,IGS,995951
2201,University of Southern Queensland,2008,QLD,RUN,RIBG,423019
2201,University of Southern Queensland,2008,QLD,RUN,RTS,2147727
3045,University of Tasmania,2008,TAS,non-aligned,APA,2287356
3045,University of Tasmania,2008,TAS,non-aligned,IPRS,486515
3045,University of Tasmania,2008,TAS,non-aligned,CTS,129145
3045,University of Tasmania,2008,TAS,non-aligned,IGS,8428534
3045,University of Tasmania,2008,TAS,non-aligned,RIBG,5670725
3045,University of Tasmania,2008,TAS,non-aligned,RTS,14650722
3016,University of Technology Sydney,2008,NSW,ATN,APA,1571035
3016,University of Technology Sydney,2008,NSW,ATN,IPRS,292967
3016,University of Technology Sydney,2008,NSW,ATN,CTS,91767
3016,University of Technology Sydney,2008,NSW,ATN,IGS,5190483
3016,University of Technology Sydney,2008,NSW,ATN,RIBG,2788664
3016,University of Technology Sydney,2008,NSW,ATN,RTS,9054252
3043,University of the Sunshine Coast,2008,QLD,RUN,APA,82544
3043,University of the Sunshine Coast,2008,QLD,RUN,IPRS,55461
3043,University of the Sunshine Coast,2008,QLD,RUN,CTS,21226
3043,University of the Sunshine Coast,2008,QLD,RUN,IGS,272887
3043,University of the Sunshine Coast,2008,QLD,RUN,RIBG,34825
3043,University of the Sunshine Coast,2008,QLD,RUN,RTS,632611
1058,University of Wollongong,2008,NSW,non-aligned,APA,1908618
1058,University of Wollongong,2008,NSW,non-aligned,IPRS,385168
1058,University of Wollongong,2008,NSW,non-aligned,CTS,108960
1058,University of Wollongong,2008,NSW,non-aligned,IGS,5873922
1058,University of Wollongong,2008,NSW,non-aligned,RIBG,3851278
1058,University of Wollongong,2008,NSW,non-aligned,RPS,454816
1058,University of Wollongong,2008,NSW,non-aligned,RTS,12087110
3007,Victoria University,2008,VIC,non-aligned,APA,838739
3007,Victoria University,2008,VIC,non-aligned,IPRS,218665
3007,Victoria University,2008,VIC,non-aligned,CTS,41383
3007,Victoria University,2008,VIC,non-aligned,IGS,1965758
3007,Victoria University,2008,VIC,non-aligned,RIBG,596093
3007,Victoria University,2008,VIC,non-aligned,RTS,5068170
3004,Western Sydney University,2008,NSW,IRU,APA,1322934
3004,Western Sydney University,2008,NSW,IRU,IPRS,279619
3004,Western Sydney University,2008,NSW,IRU,CTS,72474
3004,Western Sydney University,2008,NSW,IRU,IGS,3124656
3004,Western Sydney University,2008,NSW,IRU,RIBG,1294280
3004,Western Sydney University,2008,NSW,IRU,RTS,7642732
3006,Australian Catholic University,2007,OTHER,non-aligned,APA,263945
3006,Australian Catholic University,2007,OTHER,non-aligned,IPRS,77611
3006,Australian Catholic University,2007,OTHER,non-aligned,CTS,20810
3006,Australian Catholic University,2007,OTHER,non-aligned,IGS,683048
3006,Australian Catholic University,2007,OTHER,non-aligned,RIBG,160986
3006,Australian Catholic University,2007,OTHER,non-aligned,RTS,1259857
2246,Batchelor Institute of Indigenous Tertiary Education,2007,NT,non-aligned,APA,52357
2246,Batchelor Institute of Indigenous Tertiary Education,2007,NT,non-aligned,IGS,127237
2246,Batchelor Institute of Indigenous Tertiary Education,2007,NT,non-aligned,RTS,148674
3003,Bond University ,2007,QLD,non-aligned,APA,98634
3003,Bond University ,2007,QLD,non-aligned,IPRS,74299
3003,Bond University ,2007,QLD,non-aligned,CTS,20810
3003,Bond University ,2007,QLD,non-aligned,IGS,120728
3003,Bond University ,2007,QLD,non-aligned,RIBG,35803
3003,Bond University ,2007,QLD,non-aligned,RTS,361487
2200,Central Queensland University,2007,QLD,RUN,APA,409265
2200,Central Queensland University,2007,QLD,RUN,IPRS,120911
2200,Central Queensland University,2007,QLD,RUN,IGS,1314698
2200,Central Queensland University,2007,QLD,RUN,RIBG,236786
2200,Central Queensland University,2007,QLD,RUN,RPS,62379
2200,Central Queensland University,2007,QLD,RUN,RTS,2546292
3001,Charles Darwin University,2007,NT,non-aligned,APA,466491
3001,Charles Darwin University,2007,NT,non-aligned,IPRS,86510
3001,Charles Darwin University,2007,NT,non-aligned,CTS,31844
3001,Charles Darwin University,2007,NT,non-aligned,IGS,1952197
3001,Charles Darwin University,2007,NT,non-aligned,RIBG,1477652
3001,Charles Darwin University,2007,NT,non-aligned,RTS,2636473
3005,Charles Sturt University,2007,NSW,RUN,APA,520274
3005,Charles Sturt University,2007,NSW,RUN,IPRS,110564
3005,Charles Sturt University,2007,NSW,RUN,CTS,27920
3005,Charles Sturt University,2007,NSW,RUN,IGS,1711463
3005,Charles Sturt University,2007,NSW,RUN,RIBG,962896
3005,Charles Sturt University,2007,NSW,RUN,RTS,3199288
2236,Curtin University,2007,WA,ATN,APA,2347360
2236,Curtin University,2007,WA,ATN,IPRS,446897
2236,Curtin University,2007,WA,ATN,CTS,128420
2236,Curtin University,2007,WA,ATN,IGS,6177720
2236,Curtin University,2007,WA,ATN,RIBG,2109523
2236,Curtin University,2007,WA,ATN,RTS,12918815
3030,Deakin University,2007,VIC,ATN,APA,1626697
3030,Deakin University,2007,VIC,ATN,IPRS,300463
3030,Deakin University,2007,VIC,ATN,CTS,87848
3030,Deakin University,2007,VIC,ATN,IGS,4409919
3030,Deakin University,2007,VIC,ATN,RIBG,2269505
3030,Deakin University,2007,VIC,ATN,RTS,9271030
2235,Edith Cowan University,2007,WA,non-aligned,APA,868550
2235,Edith Cowan University,2007,WA,non-aligned,IPRS,165846
2235,Edith Cowan University,2007,WA,non-aligned,CTS,47786
2235,Edith Cowan University,2007,WA,non-aligned,IGS,1945393
2235,Edith Cowan University,2007,WA,non-aligned,RIBG,543919
2235,Edith Cowan University,2007,WA,non-aligned,RTS,4223367
2154,Federation University Australia,2007,VIC,RUN,APA,333957
2154,Federation University Australia,2007,VIC,RUN,IPRS,100984
2154,Federation University Australia,2007,VIC,RUN,CTS,20810
2154,Federation University Australia,2007,VIC,RUN,IGS,865497
2154,Federation University Australia,2007,VIC,RUN,RIBG,207868
2154,Federation University Australia,2007,VIC,RUN,RTS,1647006
3029,Flinders University,2007,SA,IRU,APA,1692572
3029,Flinders University,2007,SA,IRU,IPRS,360292
3029,Flinders University,2007,SA,IRU,CTS,92584
3029,Flinders University,2007,SA,IRU,IGS,6166991
3029,Flinders University,2007,SA,IRU,RIBG,2881409
3029,Flinders University,2007,SA,IRU,RTS,10587645
3032,Griffith University,2007,QLD,IRU,APA,2265596
3032,Griffith University,2007,QLD,IRU,IPRS,458773
3032,Griffith University,2007,QLD,IRU,CTS,122979
3032,Griffith University,2007,QLD,IRU,IGS,6169560
3032,Griffith University,2007,QLD,IRU,RIBG,2546302
3032,Griffith University,2007,QLD,IRU,RTS,13022271
1019,James Cook University,2007,QLD,IRU,APA,1298019
1019,James Cook University,2007,QLD,IRU,IPRS,232099
1019,James Cook University,2007,QLD,IRU,CTS,69262
1019,James Cook University,2007,QLD,IRU,IGS,3977255
1019,James Cook University,2007,QLD,IRU,RIBG,1744663
1019,James Cook University,2007,QLD,IRU,RPS,373141
1019,James Cook University,2007,QLD,IRU,RTS,8482512
3020,La Trobe University,2007,VIC,IRU,APA,2077582
3020,La Trobe University,2007,VIC,IRU,IPRS,434762
3020,La Trobe University,2007,VIC,IRU,CTS,104534
3020,La Trobe University,2007,VIC,IRU,IGS,5501051
3020,La Trobe University,2007,VIC,IRU,RIBG,2799653
3020,La Trobe University,2007,VIC,IRU,RPS,1146369
3020,La Trobe University,2007,VIC,IRU,RTS,12521230
3025,Macquarie University,2007,NSW,non-aligned,APA,1733339
3025,Macquarie University,2007,NSW,non-aligned,IPRS,331691
3025,Macquarie University,2007,NSW,non-aligned,CTS,100456
3025,Macquarie University,2007,NSW,non-aligned,IGS,5748776
3025,Macquarie University,2007,NSW,non-aligned,RIBG,3303523
3025,Macquarie University,2007,NSW,non-aligned,RTS,11126181
3035,Monash University,2007,VIC,Go8,APA,6958371
3035,Monash University,2007,VIC,Go8,IPRS,1386584
3035,Monash University,2007,VIC,Go8,CTS,378652
3035,Monash University,2007,VIC,Go8,IGS,22280105
3035,Monash University,2007,VIC,Go8,RIBG,15625521
3035,Monash University,2007,VIC,Go8,RTS,41350051
1034,Murdoch University,2007,WA,IRU,APA,1601017
1034,Murdoch University,2007,WA,IRU,IPRS,305105
1034,Murdoch University,2007,WA,IRU,CTS,84274
1034,Murdoch University,2007,WA,IRU,IGS,5262391
1034,Murdoch University,2007,WA,IRU,RIBG,2323094
1034,Murdoch University,2007,WA,IRU,RTS,9586955
3042,Queensland University of Technology,2007,QLD,non-aligned,APA,2197297
3042,Queensland University of Technology,2007,QLD,non-aligned,IPRS,418201
3042,Queensland University of Technology,2007,QLD,non-aligned,CTS,128188
3042,Queensland University of Technology,2007,QLD,non-aligned,IGS,5832951
3042,Queensland University of Technology,2007,QLD,non-aligned,RIBG,2939693
3042,Queensland University of Technology,2007,QLD,non-aligned,RTS,12046364
3034,Royal Melbourne Institute of Technology,2007,VIC,ATN,APA,2484689
3034,Royal Melbourne Institute of Technology,2007,VIC,ATN,IPRS,533631
3034,Royal Melbourne Institute of Technology,2007,VIC,ATN,CTS,127487
3034,Royal Melbourne Institute of Technology,2007,VIC,ATN,IGS,5390622
3034,Royal Melbourne Institute of Technology,2007,VIC,ATN,RIBG,1736373
3034,Royal Melbourne Institute of Technology,2007,VIC,ATN,RTS,13695018
3038,Southern Cross University,2007,NSW,RUN,APA,706591
3038,Southern Cross University,2007,NSW,RUN,IPRS,171494
3038,Southern Cross University,2007,NSW,RUN,CTS,33276
3038,Southern Cross University,2007,NSW,RUN,IGS,1538847
3038,Southern Cross University,2007,NSW,RUN,RIBG,398737
3038,Southern Cross University,2007,NSW,RUN,RTS,3412635
2177,Swinburne University of Technology,2007,VIC,non-aligned,APA,934818
2177,Swinburne University of Technology,2007,VIC,non-aligned,IPRS,165846
2177,Swinburne University of Technology,2007,VIC,non-aligned,CTS,51979
2177,Swinburne University of Technology,2007,VIC,non-aligned,IGS,2505473
2177,Swinburne University of Technology,2007,VIC,non-aligned,RIBG,1190490
2177,Swinburne University of Technology,2007,VIC,non-aligned,RTS,5658342
3033,The Australian National University,2007,ACT,Go8,APA,5072581
3033,The Australian National University,2007,ACT,Go8,IPRS,955406
3033,The Australian National University,2007,ACT,Go8,CTS,285593
3033,The Australian National University,2007,ACT,Go8,IGS,18058820
3033,The Australian National University,2007,ACT,Go8,RIBG,18073910
3033,The Australian National University,2007,ACT,Go8,RTS,29275126
3010,The University of Adelaide,2007,SA,Go8,APA,4300859
3010,The University of Adelaide,2007,SA,Go8,IPRS,808972
3010,The University of Adelaide,2007,SA,Go8,CTS,216534
3010,The University of Adelaide,2007,SA,Go8,IGS,16500271
3010,The University of Adelaide,2007,SA,Go8,RIBG,13819697
3010,The University of Adelaide,2007,SA,Go8,RTS,28989306
3036,The University of Melbourne,2007,VIC,Go8,APA,10930806
3036,The University of Melbourne,2007,VIC,Go8,IPRS,2105352
3036,The University of Melbourne,2007,VIC,Go8,CTS,603126
3036,The University of Melbourne,2007,VIC,Go8,IGS,35583288
3036,The University of Melbourne,2007,VIC,Go8,RIBG,25779668
3036,The University of Melbourne,2007,VIC,Go8,RTS,63502430
3044,The University of Notre Dame Australia,2007,WA,non-aligned,APA,60988
3044,The University of Notre Dame Australia,2007,WA,non-aligned,IPRS,58696
3044,The University of Notre Dame Australia,2007,WA,non-aligned,CTS,20810
3044,The University of Notre Dame Australia,2007,WA,non-aligned,IGS,101483
3044,The University of Notre Dame Australia,2007,WA,non-aligned,RIBG,327
3044,The University of Notre Dame Australia,2007,WA,non-aligned,RTS,285618
3019,The University of Queensland,2007,QLD,Go8,APA,8635088
3019,The University of Queensland,2007,QLD,Go8,IPRS,1627228
3019,The University of Queensland,2007,QLD,Go8,CTS,462312
3019,The University of Queensland,2007,QLD,Go8,IGS,28899987
3019,The University of Queensland,2007,QLD,Go8,RIBG,20897560
3019,The University of Queensland,2007,QLD,Go8,RTS,54275032
3040,The University of Sydney,2007,NSW,Go8,APA,9161553
3040,The University of Sydney,2007,NSW,Go8,IPRS,1744965
3040,The University of Sydney,2007,NSW,Go8,CTS,504697
3040,The University of Sydney,2007,NSW,Go8,IGS,30505060
3040,The University of Sydney,2007,NSW,Go8,RIBG,23941310
3040,The University of Sydney,2007,NSW,Go8,RTS,57093728
1055,The University of Western Australia,2007,WA,Go8,APA,4926263
1055,The University of Western Australia,2007,WA,Go8,IPRS,942324
1055,The University of Western Australia,2007,WA,Go8,CTS,281123
1055,The University of Western Australia,2007,WA,Go8,IGS,16911854
1055,The University of Western Australia,2007,WA,Go8,RIBG,14610189
1055,The University of Western Australia,2007,WA,Go8,RTS,30518289
2241,University of Canberra,2007,ACT,IRU,APA,505579
2241,University of Canberra,2007,ACT,IRU,IPRS,134107
2241,University of Canberra,2007,ACT,IRU,CTS,22684
2241,University of Canberra,2007,ACT,IRU,IGS,1656372
2241,University of Canberra,2007,ACT,IRU,RIBG,490459
2241,University of Canberra,2007,ACT,IRU,RTS,2655432
4331,University of Divinity,2007,VIC,non-aligned,APA,173942
4331,University of Divinity,2007,VIC,non-aligned,IPRS,98902
4331,University of Divinity,2007,VIC,non-aligned,CTS,20810
4331,University of Divinity,2007,VIC,non-aligned,IGS,222474
4331,University of Divinity,2007,VIC,non-aligned,RTS,508950
3039,University of New England,2007,NSW,RUN,APA,1280757
3039,University of New England,2007,NSW,RUN,IPRS,234209
3039,University of New England,2007,NSW,RUN,CTS,68509
3039,University of New England,2007,NSW,RUN,IGS,3369788
3039,University of New England,2007,NSW,RUN,RIBG,1766527
3039,University of New England,2007,NSW,RUN,RPS,583610
3039,University of New England,2007,NSW,RUN,RTS,7946447
3013,University of New South Wales,2007,NSW,Go8,APA,7178826
3013,University of New South Wales,2007,NSW,Go8,IPRS,1371496
3013,University of New South Wales,2007,NSW,Go8,CTS,420377
3013,University of New South Wales,2007,NSW,Go8,IGS,22769450
3013,University of New South Wales,2007,NSW,Go8,RIBG,17212183
3013,University of New South Wales,2007,NSW,Go8,RTS,44277400
3014,University of Newcastle,2007,NSW,ATN,APA,2267915
3014,University of Newcastle,2007,NSW,ATN,IPRS,418201
3014,University of Newcastle,2007,NSW,ATN,CTS,128059
3014,University of Newcastle,2007,NSW,ATN,IGS,7587487
3014,University of Newcastle,2007,NSW,ATN,RIBG,5322959
3014,University of Newcastle,2007,NSW,ATN,RPS,590298
3014,University of Newcastle,2007,NSW,ATN,RTS,13226401
3027,University of South Australia,2007,SA,ATN,APA,1748051
3027,University of South Australia,2007,SA,ATN,IPRS,345284
3027,University of South Australia,2007,SA,ATN,CTS,98087
3027,University of South Australia,2007,SA,ATN,IGS,4998339
3027,University of South Australia,2007,SA,ATN,RIBG,1869714
3027,University of South Australia,2007,SA,ATN,RTS,9279569
2201,University of Southern Queensland,2007,QLD,RUN,APA,365931
2201,University of Southern Queensland,2007,QLD,RUN,IPRS,63525
2201,University of Southern Queensland,2007,QLD,RUN,CTS,20810
2201,University of Southern Queensland,2007,QLD,RUN,IGS,1027812
2201,University of Southern Queensland,2007,QLD,RUN,RIBG,414917
2201,University of Southern Queensland,2007,QLD,RUN,RTS,2216436
3045,University of Tasmania,2007,TAS,non-aligned,APA,2227557
3045,University of Tasmania,2007,TAS,non-aligned,IPRS,466309
3045,University of Tasmania,2007,TAS,non-aligned,CTS,137344
3045,University of Tasmania,2007,TAS,non-aligned,IGS,7936357
3045,University of Tasmania,2007,TAS,non-aligned,RIBG,5815171
3045,University of Tasmania,2007,TAS,non-aligned,RTS,14904683
3016,University of Technology Sydney,2007,NSW,ATN,APA,1500976
3016,University of Technology Sydney,2007,NSW,ATN,IPRS,276409
3016,University of Technology Sydney,2007,NSW,ATN,CTS,84633
3016,University of Technology Sydney,2007,NSW,ATN,IGS,4935421
3016,University of Technology Sydney,2007,NSW,ATN,RIBG,2672422
3016,University of Technology Sydney,2007,NSW,ATN,RTS,9189875
3043,University of the Sunshine Coast,2007,QLD,RUN,APA,60988
3043,University of the Sunshine Coast,2007,QLD,RUN,IPRS,44310
3043,University of the Sunshine Coast,2007,QLD,RUN,CTS,20810
3043,University of the Sunshine Coast,2007,QLD,RUN,IGS,240710
3043,University of the Sunshine Coast,2007,QLD,RUN,RIBG,50629
3043,University of the Sunshine Coast,2007,QLD,RUN,RTS,652849
1058,University of Wollongong,2007,NSW,non-aligned,APA,1831990
1058,University of Wollongong,2007,NSW,non-aligned,IPRS,343938
1058,University of Wollongong,2007,NSW,non-aligned,CTS,104510
1058,University of Wollongong,2007,NSW,non-aligned,IGS,5847312
1058,University of Wollongong,2007,NSW,non-aligned,RIBG,3673652
1058,University of Wollongong,2007,NSW,non-aligned,RPS,392203
1058,University of Wollongong,2007,NSW,non-aligned,RTS,12320141
3007,Victoria University,2007,VIC,non-aligned,APA,859117
3007,Victoria University,2007,VIC,non-aligned,IPRS,233794
3007,Victoria University,2007,VIC,non-aligned,CTS,49589
3007,Victoria University,2007,VIC,non-aligned,IGS,1976177
3007,Victoria University,2007,VIC,non-aligned,RIBG,744647
3007,Victoria University,2007,VIC,non-aligned,RTS,5230309
3004,Western Sydney University,2007,NSW,IRU,APA,1318812
3004,Western Sydney University,2007,NSW,IRU,IPRS,272010
3004,Western Sydney University,2007,NSW,IRU,CTS,69664
3004,Western Sydney University,2007,NSW,IRU,IGS,3224616
3004,Western Sydney University,2007,NSW,IRU,RIBG,1256663
3004,Western Sydney University,2007,NSW,IRU,RTS,7847486
3006,Australian Catholic University,2006,OTHER,non-aligned,APA,239756
3006,Australian Catholic University,2006,OTHER,non-aligned,IPRS,41780
3006,Australian Catholic University,2006,OTHER,non-aligned,IGS,704901
3006,Australian Catholic University,2006,OTHER,non-aligned,RIBG,166914
3006,Australian Catholic University,2006,OTHER,non-aligned,RTS,1150660
2246,Batchelor Institute of Indigenous Tertiary Education,2006,NT,non-aligned,APA,36914
2246,Batchelor Institute of Indigenous Tertiary Education,2006,NT,non-aligned,IGS,116255
2246,Batchelor Institute of Indigenous Tertiary Education,2006,NT,non-aligned,RTS,106697
3003,Bond University ,2006,QLD,non-aligned,APA,79545
3003,Bond University ,2006,QLD,non-aligned,IPRS,43880
3003,Bond University ,2006,QLD,non-aligned,IGS,92360
3003,Bond University ,2006,QLD,non-aligned,RIBG,17171
3003,Bond University ,2006,QLD,non-aligned,RTS,247151
2200,Central Queensland University,2006,QLD,RUN,APA,399966
2200,Central Queensland University,2006,QLD,RUN,IPRS,13727
2200,Central Queensland University,2006,QLD,RUN,IGS,1290817
2200,Central Queensland University,2006,QLD,RUN,RIBG,243545
2200,Central Queensland University,2006,QLD,RUN,RPS,33591
2200,Central Queensland University,2006,QLD,RUN,RTS,2627752
3001,Charles Darwin University,2006,NT,non-aligned,APA,381538
3001,Charles Darwin University,2006,NT,non-aligned,IPRS,74756
3001,Charles Darwin University,2006,NT,non-aligned,IGS,1452512
3001,Charles Darwin University,2006,NT,non-aligned,RIBG,1045099
3001,Charles Darwin University,2006,NT,non-aligned,RTS,2352358
3005,Charles Sturt University,2006,NSW,RUN,APA,507823
3005,Charles Sturt University,2006,NSW,RUN,IPRS,107470
3005,Charles Sturt University,2006,NSW,RUN,IGS,1564009
3005,Charles Sturt University,2006,NSW,RUN,RIBG,947725
3005,Charles Sturt University,2006,NSW,RUN,RTS,3236474
2236,Curtin University,2006,WA,ATN,APA,2229974
2236,Curtin University,2006,WA,ATN,IPRS,215545
2236,Curtin University,2006,WA,ATN,IGS,6071462
2236,Curtin University,2006,WA,ATN,RIBG,2021009
2236,Curtin University,2006,WA,ATN,RTS,12363662
3030,Deakin University,2006,VIC,ATN,APA,1601147
3030,Deakin University,2006,VIC,ATN,IPRS,323041
3030,Deakin University,2006,VIC,ATN,IGS,4257525
3030,Deakin University,2006,VIC,ATN,RIBG,2294488
3030,Deakin University,2006,VIC,ATN,RTS,8919599
2235,Edith Cowan University,2006,WA,non-aligned,APA,873656
2235,Edith Cowan University,2006,WA,non-aligned,IPRS,173638
2235,Edith Cowan University,2006,WA,non-aligned,IGS,1824577
2235,Edith Cowan University,2006,WA,non-aligned,RIBG,545259
2235,Edith Cowan University,2006,WA,non-aligned,RTS,4074060
2154,Federation University Australia,2006,VIC,RUN,APA,296276
2154,Federation University Australia,2006,VIC,RUN,IPRS,26961
2154,Federation University Australia,2006,VIC,RUN,IGS,778796
2154,Federation University Australia,2006,VIC,RUN,RIBG,230664
2154,Federation University Australia,2006,VIC,RUN,RTS,1416962
3029,Flinders University,2006,SA,IRU,APA,1696028
3029,Flinders University,2006,SA,IRU,IPRS,328401
3029,Flinders University,2006,SA,IRU,IGS,6364289
3029,Flinders University,2006,SA,IRU,RIBG,2964274
3029,Flinders University,2006,SA,IRU,RTS,10823476
3032,Griffith University,2006,QLD,IRU,APA,2197118
3032,Griffith University,2006,QLD,IRU,IPRS,401792
3032,Griffith University,2006,QLD,IRU,IGS,6358935
3032,Griffith University,2006,QLD,IRU,RIBG,2814994
3032,Griffith University,2006,QLD,IRU,RTS,12763635
1019,James Cook University,2006,QLD,IRU,APA,1321971
1019,James Cook University,2006,QLD,IRU,IPRS,324145
1019,James Cook University,2006,QLD,IRU,IGS,3938026
1019,James Cook University,2006,QLD,IRU,RIBG,1853044
1019,James Cook University,2006,QLD,IRU,RPS,370459
1019,James Cook University,2006,QLD,IRU,RTS,8501733
3020,La Trobe University,2006,VIC,IRU,APA,2190445
3020,La Trobe University,2006,VIC,IRU,IPRS,337988
3020,La Trobe University,2006,VIC,IRU,IGS,5677044
3020,La Trobe University,2006,VIC,IRU,RIBG,2906865
3020,La Trobe University,2006,VIC,IRU,RPS,1066874
3020,La Trobe University,2006,VIC,IRU,RTS,12921803
3025,Macquarie University,2006,NSW,non-aligned,APA,1660343
3025,Macquarie University,2006,NSW,non-aligned,IPRS,320058
3025,Macquarie University,2006,NSW,non-aligned,IGS,5652318
3025,Macquarie University,2006,NSW,non-aligned,RIBG,3016892
3025,Macquarie University,2006,NSW,non-aligned,RTS,11482124
3035,Monash University,2006,VIC,Go8,APA,6810755
3035,Monash University,2006,VIC,Go8,IPRS,1179668
3035,Monash University,2006,VIC,Go8,IGS,21370274
3035,Monash University,2006,VIC,Go8,RIBG,14184850
3035,Monash University,2006,VIC,Go8,RTS,40211886
1034,Murdoch University,2006,WA,IRU,APA,1571819
1034,Murdoch University,2006,WA,IRU,IPRS,311279
1034,Murdoch University,2006,WA,IRU,IGS,5430749
1034,Murdoch University,2006,WA,IRU,RIBG,2876607
1034,Murdoch University,2006,WA,IRU,RTS,9480536
3042,Queensland University of Technology,2006,QLD,non-aligned,APA,2051812
3042,Queensland University of Technology,2006,QLD,non-aligned,IPRS,429197
3042,Queensland University of Technology,2006,QLD,non-aligned,IGS,5385164
3042,Queensland University of Technology,2006,QLD,non-aligned,RIBG,2372759
3042,Queensland University of Technology,2006,QLD,non-aligned,RTS,11091437
3034,Royal Melbourne Institute of Technology,2006,VIC,ATN,APA,2509420
3034,Royal Melbourne Institute of Technology,2006,VIC,ATN,IPRS,398523
3034,Royal Melbourne Institute of Technology,2006,VIC,ATN,IGS,5477147
3034,Royal Melbourne Institute of Technology,2006,VIC,ATN,RIBG,1620975
3034,Royal Melbourne Institute of Technology,2006,VIC,ATN,RTS,13262882
3038,Southern Cross University,2006,NSW,RUN,APA,710770
3038,Southern Cross University,2006,NSW,RUN,IPRS,94149
3038,Southern Cross University,2006,NSW,RUN,IGS,1416122
3038,Southern Cross University,2006,NSW,RUN,RIBG,498334
3038,Southern Cross University,2006,NSW,RUN,RTS,3315101
2177,Swinburne University of Technology,2006,VIC,non-aligned,APA,907686
2177,Swinburne University of Technology,2006,VIC,non-aligned,IPRS,168594
2177,Swinburne University of Technology,2006,VIC,non-aligned,IGS,2413715
2177,Swinburne University of Technology,2006,VIC,non-aligned,RIBG,1217567
2177,Swinburne University of Technology,2006,VIC,non-aligned,RTS,5364654
3033,The Australian National University,2006,ACT,Go8,APA,4901641
3033,The Australian National University,2006,ACT,Go8,IPRS,1041028
3033,The Australian National University,2006,ACT,Go8,IGS,17664169
3033,The Australian National University,2006,ACT,Go8,RIBG,17248705
3033,The Australian National University,2006,ACT,Go8,RTS,27393976
3010,The University of Adelaide,2006,SA,Go8,APA,4381363
3010,The University of Adelaide,2006,SA,Go8,IPRS,883232
3010,The University of Adelaide,2006,SA,Go8,IGS,16371441
3010,The University of Adelaide,2006,SA,Go8,RIBG,14247813
3010,The University of Adelaide,2006,SA,Go8,RTS,29757358
3036,The University of Melbourne,2006,VIC,Go8,APA,10560034
3036,The University of Melbourne,2006,VIC,Go8,IPRS,2277219
3036,The University of Melbourne,2006,VIC,Go8,IGS,33985085
3036,The University of Melbourne,2006,VIC,Go8,RIBG,26050735
3036,The University of Melbourne,2006,VIC,Go8,RTS,59906570
3044,The University of Notre Dame Australia,2006,WA,non-aligned,APA,59939
3044,The University of Notre Dame Australia,2006,WA,non-aligned,IPRS,53772
3044,The University of Notre Dame Australia,2006,WA,non-aligned,IGS,95343
3044,The University of Notre Dame Australia,2006,WA,non-aligned,RTS,257327
3019,The University of Queensland,2006,QLD,Go8,APA,8528635
3019,The University of Queensland,2006,QLD,Go8,IPRS,1902218
3019,The University of Queensland,2006,QLD,Go8,IGS,28731438
3019,The University of Queensland,2006,QLD,Go8,RIBG,19709820
3019,The University of Queensland,2006,QLD,Go8,RTS,53922836
3040,The University of Sydney,2006,NSW,Go8,APA,8901571
3040,The University of Sydney,2006,NSW,Go8,IPRS,1892204
3040,The University of Sydney,2006,NSW,Go8,IGS,30523273
3040,The University of Sydney,2006,NSW,Go8,RIBG,23727428
3040,The University of Sydney,2006,NSW,Go8,RTS,56985729
1055,The University of Western Australia,2006,WA,Go8,APA,4737369
1055,The University of Western Australia,2006,WA,Go8,IPRS,1092019
1055,The University of Western Australia,2006,WA,Go8,IGS,16821078
1055,The University of Western Australia,2006,WA,Go8,RIBG,14806590
1055,The University of Western Australia,2006,WA,Go8,RTS,29579096
2241,University of Canberra,2006,ACT,IRU,APA,563596
2241,University of Canberra,2006,ACT,IRU,IPRS,63153
2241,University of Canberra,2006,ACT,IRU,IGS,1709364
2241,University of Canberra,2006,ACT,IRU,RIBG,435379
2241,University of Canberra,2006,ACT,IRU,RTS,2740383
4331,University of Divinity,2006,VIC,non-aligned,APA,174634
4331,University of Divinity,2006,VIC,non-aligned,IPRS,28281
4331,University of Divinity,2006,VIC,non-aligned,IGS,200499
4331,University of Divinity,2006,VIC,non-aligned,RTS,371826
3039,University of New England,2006,NSW,RUN,APA,1258717
3039,University of New England,2006,NSW,RUN,IPRS,257515
3039,University of New England,2006,NSW,RUN,IGS,3477596
3039,University of New England,2006,NSW,RUN,RIBG,2095373
3039,University of New England,2006,NSW,RUN,RPS,510453
3039,University of New England,2006,NSW,RUN,RTS,8200666
3013,University of New South Wales,2006,NSW,Go8,APA,6937380
3013,University of New South Wales,2006,NSW,Go8,IPRS,1606124
3013,University of New South Wales,2006,NSW,Go8,IGS,23022144
3013,University of New South Wales,2006,NSW,Go8,RIBG,17028054
3013,University of New South Wales,2006,NSW,Go8,RTS,42568321
3014,University of Newcastle,2006,NSW,ATN,APA,2164643
3014,University of Newcastle,2006,NSW,ATN,IPRS,233724
3014,University of Newcastle,2006,NSW,ATN,IGS,7023467
3014,University of Newcastle,2006,NSW,ATN,RIBG,5079830
3014,University of Newcastle,2006,NSW,ATN,RPS,839198
3014,University of Newcastle,2006,NSW,ATN,RTS,12881514
3027,University of South Australia,2006,SA,ATN,APA,1660448
3027,University of South Australia,2006,SA,ATN,IPRS,301957
3027,University of South Australia,2006,SA,ATN,IGS,4773046
3027,University of South Australia,2006,SA,ATN,RIBG,1655230
3027,University of South Australia,2006,SA,ATN,RTS,8544162
2201,University of Southern Queensland,2006,QLD,RUN,APA,359634
2201,University of Southern Queensland,2006,QLD,RUN,IPRS,50710
2201,University of Southern Queensland,2006,QLD,RUN,IGS,1060694
2201,University of Southern Queensland,2006,QLD,RUN,RIBG,316899
2201,University of Southern Queensland,2006,QLD,RUN,RTS,2244417
3045,University of Tasmania,2006,TAS,non-aligned,APA,2221159
3045,University of Tasmania,2006,TAS,non-aligned,IPRS,487696
3045,University of Tasmania,2006,TAS,non-aligned,IGS,7474888
3045,University of Tasmania,2006,TAS,non-aligned,RIBG,5590973
3045,University of Tasmania,2006,TAS,non-aligned,RTS,15366907
3016,University of Technology Sydney,2006,NSW,ATN,APA,1458779
3016,University of Technology Sydney,2006,NSW,ATN,IPRS,304504
3016,University of Technology Sydney,2006,NSW,ATN,IGS,4216128
3016,University of Technology Sydney,2006,NSW,ATN,RIBG,2455496
3016,University of Technology Sydney,2006,NSW,ATN,RTS,9483873
3043,University of the Sunshine Coast,2006,QLD,RUN,APA,59939
3043,University of the Sunshine Coast,2006,QLD,RUN,IPRS,31598
3043,University of the Sunshine Coast,2006,QLD,RUN,IGS,207477
3043,University of the Sunshine Coast,2006,QLD,RUN,RIBG,61116
3043,University of the Sunshine Coast,2006,QLD,RUN,RTS,673735
1058,University of Wollongong,2006,NSW,non-aligned,APA,1787164
1058,University of Wollongong,2006,NSW,non-aligned,IPRS,304561
1058,University of Wollongong,2006,NSW,non-aligned,IGS,5751693
1058,University of Wollongong,2006,NSW,non-aligned,RIBG,3475186
1058,University of Wollongong,2006,NSW,non-aligned,RPS,265425
1058,University of Wollongong,2006,NSW,non-aligned,RTS,12714281
3007,Victoria University,2006,VIC,non-aligned,APA,813235
3007,Victoria University,2006,VIC,non-aligned,IPRS,81651
3007,Victoria University,2006,VIC,non-aligned,IGS,2039400
3007,Victoria University,2006,VIC,non-aligned,RIBG,827267
3007,Victoria University,2006,VIC,non-aligned,RTS,5237842
3004,Western Sydney University,2006,NSW,IRU,APA,1316358
3004,Western Sydney University,2006,NSW,IRU,IPRS,251241
3004,Western Sydney University,2006,NSW,IRU,IGS,3327780
3004,Western Sydney University,2006,NSW,IRU,RIBG,1257071
3004,Western Sydney University,2006,NSW,IRU,RTS,8098539
3006,Australian Catholic University,2005,OTHER,non-aligned,APA,235303
3006,Australian Catholic University,2005,OTHER,non-aligned,IPRS,55323
3006,Australian Catholic University,2005,OTHER,non-aligned,IGS,650925
3006,Australian Catholic University,2005,OTHER,non-aligned,RIBG,200223
3006,Australian Catholic University,2005,OTHER,non-aligned,RTS,1096646
2246,Batchelor Institute of Indigenous Tertiary Education,2005,NT,non-aligned,APA,19212
2246,Batchelor Institute of Indigenous Tertiary Education,2005,NT,non-aligned,IGS,79300
2246,Batchelor Institute of Indigenous Tertiary Education,2005,NT,non-aligned,RTS,62717
3003,Bond University ,2005,QLD,non-aligned,APA,58826
3003,Bond University ,2005,QLD,non-aligned,IPRS,55323
3003,Bond University ,2005,QLD,non-aligned,IGS,77846
3003,Bond University ,2005,QLD,non-aligned,RIBG,16483
3003,Bond University ,2005,QLD,non-aligned,RTS,149570
2200,Central Queensland University,2005,QLD,RUN,APA,403248
2200,Central Queensland University,2005,QLD,RUN,IPRS,55323
2200,Central Queensland University,2005,QLD,RUN,IGS,1208869
2200,Central Queensland University,2005,QLD,RUN,RIBG,377980
2200,Central Queensland University,2005,QLD,RUN,RPS,12137
2200,Central Queensland University,2005,QLD,RUN,RTS,2714479
3001,Charles Darwin University,2005,NT,non-aligned,APA,342276
3001,Charles Darwin University,2005,NT,non-aligned,IPRS,56281
3001,Charles Darwin University,2005,NT,non-aligned,IGS,1153125
3001,Charles Darwin University,2005,NT,non-aligned,RIBG,469670
3001,Charles Darwin University,2005,NT,non-aligned,RPS,105080
3001,Charles Darwin University,2005,NT,non-aligned,RTS,2219335
3005,Charles Sturt University,2005,NSW,RUN,APA,475691
3005,Charles Sturt University,2005,NSW,RUN,IPRS,99666
3005,Charles Sturt University,2005,NSW,RUN,IGS,1483580
3005,Charles Sturt University,2005,NSW,RUN,RIBG,1082233
3005,Charles Sturt University,2005,NSW,RUN,RTS,3166693
2236,Curtin University,2005,WA,ATN,APA,2068505
2236,Curtin University,2005,WA,ATN,IPRS,424847
2236,Curtin University,2005,WA,ATN,IGS,5887998
2236,Curtin University,2005,WA,ATN,RIBG,1676150
2236,Curtin University,2005,WA,ATN,RTS,11675640
3030,Deakin University,2005,VIC,ATN,APA,1534443
3030,Deakin University,2005,VIC,ATN,IPRS,296886
3030,Deakin University,2005,VIC,ATN,IGS,3828196
3030,Deakin University,2005,VIC,ATN,RIBG,1939573
3030,Deakin University,2005,VIC,ATN,RTS,8524780
2235,Edith Cowan University,2005,WA,non-aligned,APA,871029
2235,Edith Cowan University,2005,WA,non-aligned,IPRS,165969
2235,Edith Cowan University,2005,WA,non-aligned,IGS,1697805
2235,Edith Cowan University,2005,WA,non-aligned,RIBG,471939
2235,Edith Cowan University,2005,WA,non-aligned,RTS,3971307
2154,Federation University Australia,2005,VIC,RUN,APA,254515
2154,Federation University Australia,2005,VIC,RUN,IPRS,55678
2154,Federation University Australia,2005,VIC,RUN,IGS,677824
2154,Federation University Australia,2005,VIC,RUN,RIBG,219288
2154,Federation University Australia,2005,VIC,RUN,RTS,1191634
3029,Flinders University,2005,SA,IRU,APA,1746864
3029,Flinders University,2005,SA,IRU,IPRS,345030
3029,Flinders University,2005,SA,IRU,IGS,6574322
3029,Flinders University,2005,SA,IRU,RIBG,3064403
3029,Flinders University,2005,SA,IRU,RTS,11093375
3032,Griffith University,2005,QLD,IRU,APA,2100153
3032,Griffith University,2005,QLD,IRU,IPRS,396552
3032,Griffith University,2005,QLD,IRU,IGS,6409352
3032,Griffith University,2005,QLD,IRU,RIBG,2831524
3032,Griffith University,2005,QLD,IRU,RTS,12325685
1019,James Cook University,2005,QLD,IRU,APA,1351358
1019,James Cook University,2005,QLD,IRU,IPRS,290497
1019,James Cook University,2005,QLD,IRU,IGS,4016784
1019,James Cook University,2005,QLD,IRU,RIBG,1804258
1019,James Cook University,2005,QLD,IRU,RPS,335894
1019,James Cook University,2005,QLD,IRU,RTS,8490602
3020,La Trobe University,2005,VIC,IRU,APA,2256405
3020,La Trobe University,2005,VIC,IRU,IPRS,455676
3020,La Trobe University,2005,VIC,IRU,IGS,5864397
3020,La Trobe University,2005,VIC,IRU,RIBG,2937284
3020,La Trobe University,2005,VIC,IRU,RPS,931954
3020,La Trobe University,2005,VIC,IRU,RTS,13348278
3025,Macquarie University,2005,NSW,non-aligned,APA,1650796
3025,Macquarie University,2005,NSW,non-aligned,IPRS,331938
3025,Macquarie University,2005,NSW,non-aligned,IGS,5838855
3025,Macquarie University,2005,NSW,non-aligned,RIBG,2667217
3025,Macquarie University,2005,NSW,non-aligned,RTS,11861084
3035,Monash University,2005,VIC,Go8,APA,6609001
3035,Monash University,2005,VIC,Go8,IPRS,1259761
3035,Monash University,2005,VIC,Go8,IGS,20920731
3035,Monash University,2005,VIC,Go8,RIBG,12705777
3035,Monash University,2005,VIC,Go8,RTS,39162472
1034,Murdoch University,2005,WA,IRU,APA,1470022
1034,Murdoch University,2005,WA,IRU,IPRS,281261
1034,Murdoch University,2005,WA,IRU,IGS,5027342
1034,Murdoch University,2005,WA,IRU,RIBG,2852614
1034,Murdoch University,2005,WA,IRU,RTS,9106467
3042,Queensland University of Technology,2005,QLD,non-aligned,APA,1988208
3042,Queensland University of Technology,2005,QLD,non-aligned,IPRS,376281
3042,Queensland University of Technology,2005,QLD,non-aligned,IGS,5082244
3042,Queensland University of Technology,2005,QLD,non-aligned,RIBG,2049454
3042,Queensland University of Technology,2005,QLD,non-aligned,RTS,10421986
3034,Royal Melbourne Institute of Technology,2005,VIC,ATN,APA,2495092
3034,Royal Melbourne Institute of Technology,2005,VIC,ATN,IPRS,508888
3034,Royal Melbourne Institute of Technology,2005,VIC,ATN,IGS,5231466
3034,Royal Melbourne Institute of Technology,2005,VIC,ATN,RIBG,1231201
3034,Royal Melbourne Institute of Technology,2005,VIC,ATN,RTS,12636244
3038,Southern Cross University,2005,NSW,RUN,APA,657140
3038,Southern Cross University,2005,NSW,RUN,IPRS,141897
3038,Southern Cross University,2005,NSW,RUN,IGS,1336270
3038,Southern Cross University,2005,NSW,RUN,RIBG,475592
3038,Southern Cross University,2005,NSW,RUN,RTS,3076628
2177,Swinburne University of Technology,2005,VIC,non-aligned,APA,887982
2177,Swinburne University of Technology,2005,VIC,non-aligned,IPRS,165969
2177,Swinburne University of Technology,2005,VIC,non-aligned,IGS,2176127
2177,Swinburne University of Technology,2005,VIC,non-aligned,RIBG,1025133
2177,Swinburne University of Technology,2005,VIC,non-aligned,RTS,5087855
3033,The Australian National University,2005,ACT,Go8,APA,4729236
3033,The Australian National University,2005,ACT,Go8,IPRS,1003982
3033,The Australian National University,2005,ACT,Go8,IGS,16667927
3033,The Australian National University,2005,ACT,Go8,RIBG,14486690
3033,The Australian National University,2005,ACT,Go8,RTS,25597366
3010,The University of Adelaide,2005,SA,Go8,APA,4288577
3010,The University of Adelaide,2005,SA,Go8,IPRS,828053
3010,The University of Adelaide,2005,SA,Go8,IGS,16311291
3010,The University of Adelaide,2005,SA,Go8,RIBG,13773160
3010,The University of Adelaide,2005,SA,Go8,RTS,29639959
3036,The University of Melbourne,2005,VIC,Go8,APA,10163803
3036,The University of Melbourne,2005,VIC,Go8,IPRS,1944386
3036,The University of Melbourne,2005,VIC,Go8,IGS,32771643
3036,The University of Melbourne,2005,VIC,Go8,RIBG,25038357
3036,The University of Melbourne,2005,VIC,Go8,RTS,56851292
3044,The University of Notre Dame Australia,2005,WA,non-aligned,APA,58826
3044,The University of Notre Dame Australia,2005,WA,non-aligned,IPRS,55323
3044,The University of Notre Dame Australia,2005,WA,non-aligned,IGS,98489
3044,The University of Notre Dame Australia,2005,WA,non-aligned,RTS,255267
3019,The University of Queensland,2005,QLD,Go8,APA,8389542
3019,The University of Queensland,2005,QLD,Go8,IPRS,1672423
3019,The University of Queensland,2005,QLD,Go8,IGS,29051968
3019,The University of Queensland,2005,QLD,Go8,RIBG,17277500
3019,The University of Queensland,2005,QLD,Go8,RTS,53227996
3040,The University of Sydney,2005,NSW,Go8,APA,8692092
3040,The University of Sydney,2005,NSW,Go8,IPRS,1679410
3040,The University of Sydney,2005,NSW,Go8,IGS,29973222
3040,The University of Sydney,2005,NSW,Go8,RIBG,21150451
3040,The University of Sydney,2005,NSW,Go8,RTS,56901982
1055,The University of Western Australia,2005,WA,Go8,APA,4654136
1055,The University of Western Australia,2005,WA,Go8,IPRS,909657
1055,The University of Western Australia,2005,WA,Go8,IGS,16253929
1055,The University of Western Australia,2005,WA,Go8,RIBG,13902985
1055,The University of Western Australia,2005,WA,Go8,RTS,28904215
2241,University of Canberra,2005,ACT,IRU,APA,619339
2241,University of Canberra,2005,ACT,IRU,IPRS,110646
2241,University of Canberra,2005,ACT,IRU,IGS,1765776
2241,University of Canberra,2005,ACT,IRU,RIBG,355176
2241,University of Canberra,2005,ACT,IRU,RTS,2796618
4331,University of Divinity,2005,VIC,non-aligned,APA,184898
4331,University of Divinity,2005,VIC,non-aligned,IPRS,55323
4331,University of Divinity,2005,VIC,non-aligned,IGS,175875
4331,University of Divinity,2005,VIC,non-aligned,RTS,253744
3039,University of New England,2005,NSW,RUN,APA,1243875
3039,University of New England,2005,NSW,RUN,IPRS,271970
3039,University of New England,2005,NSW,RUN,IGS,3592363
3039,University of New England,2005,NSW,RUN,RIBG,2182116
3039,University of New England,2005,NSW,RUN,RPS,394006
3039,University of New England,2005,NSW,RUN,RTS,8471323
3013,University of New South Wales,2005,NSW,Go8,APA,7051086
3013,University of New South Wales,2005,NSW,Go8,IPRS,1432906
3013,University of New South Wales,2005,NSW,Go8,IGS,23781916
3013,University of New South Wales,2005,NSW,Go8,RIBG,16215215
3013,University of New South Wales,2005,NSW,Go8,RTS,42138012
3014,University of Newcastle,2005,NSW,ATN,APA,2087383
3014,University of Newcastle,2005,NSW,ATN,IPRS,400353
3014,University of Newcastle,2005,NSW,ATN,IGS,6591675
3014,University of Newcastle,2005,NSW,ATN,RIBG,4476009
3014,University of Newcastle,2005,NSW,ATN,RPS,1141770
3014,University of Newcastle,2005,NSW,ATN,RTS,12567130
3027,University of South Australia,2005,SA,ATN,APA,1590555
3027,University of South Australia,2005,SA,ATN,IPRS,321349
3027,University of South Australia,2005,SA,ATN,IGS,4663530
3027,University of South Australia,2005,SA,ATN,RIBG,1495109
3027,University of South Australia,2005,SA,ATN,RTS,7797416
2201,University of Southern Queensland,2005,QLD,RUN,APA,352955
2201,University of Southern Queensland,2005,QLD,RUN,IPRS,55323
2201,University of Southern Queensland,2005,QLD,RUN,IGS,1095699
2201,University of Southern Queensland,2005,QLD,RUN,RIBG,434962
2201,University of Southern Queensland,2005,QLD,RUN,RTS,2239582
3045,University of Tasmania,2005,TAS,non-aligned,APA,2207636
3045,University of Tasmania,2005,TAS,non-aligned,IPRS,476354
3045,University of Tasmania,2005,TAS,non-aligned,IGS,7448731
3045,University of Tasmania,2005,TAS,non-aligned,RIBG,4994193
3045,University of Tasmania,2005,TAS,non-aligned,RTS,15874082
3016,University of Technology Sydney,2005,NSW,ATN,APA,1440131
3016,University of Technology Sydney,2005,NSW,ATN,IPRS,265635
3016,University of Technology Sydney,2005,NSW,ATN,IGS,3968774
3016,University of Technology Sydney,2005,NSW,ATN,RIBG,1898036
3016,University of Technology Sydney,2005,NSW,ATN,RTS,9796882
3043,University of the Sunshine Coast,2005,QLD,RUN,APA,58826
3043,University of the Sunshine Coast,2005,QLD,RUN,IPRS,15626
3043,University of the Sunshine Coast,2005,QLD,RUN,IGS,186068
3043,University of the Sunshine Coast,2005,QLD,RUN,RIBG,72389
3043,University of the Sunshine Coast,2005,QLD,RUN,RTS,695971
1058,University of Wollongong,2005,NSW,non-aligned,APA,1795967
1058,University of Wollongong,2005,NSW,non-aligned,IPRS,365628
1058,University of Wollongong,2005,NSW,non-aligned,IGS,5568943
1058,University of Wollongong,2005,NSW,non-aligned,RIBG,3066219
1058,University of Wollongong,2005,NSW,non-aligned,RPS,108159
1058,University of Wollongong,2005,NSW,non-aligned,RTS,13133907
3007,Victoria University,2005,VIC,non-aligned,APA,773156
3007,Victoria University,2005,VIC,non-aligned,IPRS,154989
3007,Victoria University,2005,VIC,non-aligned,IGS,1962220
3007,Victoria University,2005,VIC,non-aligned,RIBG,706478
3007,Victoria University,2005,VIC,non-aligned,RTS,5340119
3004,Western Sydney University,2005,NSW,IRU,APA,1321912
3004,Western Sydney University,2005,NSW,IRU,IPRS,276615
3004,Western Sydney University,2005,NSW,IRU,IGS,3437603
3004,Western Sydney University,2005,NSW,IRU,RIBG,1358959
3004,Western Sydney University,2005,NSW,IRU,RTS,8286660
3006,Australian Catholic University,2004,OTHER,non-aligned,APA,215841
3006,Australian Catholic University,2004,OTHER,non-aligned,IPRS,55563
3006,Australian Catholic University,2004,OTHER,non-aligned,IGS,514703
3006,Australian Catholic University,2004,OTHER,non-aligned,RIBG,187339
3006,Australian Catholic University,2004,OTHER,non-aligned,RTS,1047280
2246,Batchelor Institute of Indigenous Tertiary Education,2004,NT,non-aligned,IGS,10965
3003,Bond University ,2004,QLD,non-aligned,APA,57690
3003,Bond University ,2004,QLD,non-aligned,IPRS,55563
3003,Bond University ,2004,QLD,non-aligned,IGS,64500
3003,Bond University ,2004,QLD,non-aligned,RIBG,31900
3003,Bond University ,2004,QLD,non-aligned,RTS,28309
2200,Central Queensland University,2004,QLD,RUN,APA,375416
2200,Central Queensland University,2004,QLD,RUN,IPRS,66591
2200,Central Queensland University,2004,QLD,RUN,IGS,1043461
2200,Central Queensland University,2004,QLD,RUN,RIBG,346270
2200,Central Queensland University,2004,QLD,RUN,RPS,33500
2200,Central Queensland University,2004,QLD,RUN,RTS,2798580
3001,Charles Darwin University,2004,NT,non-aligned,APA,360402
3001,Charles Darwin University,2004,NT,non-aligned,IPRS,55563
3001,Charles Darwin University,2004,NT,non-aligned,IGS,1188849
3001,Charles Darwin University,2004,NT,non-aligned,RIBG,384537
3001,Charles Darwin University,2004,NT,non-aligned,RPS,122800
3001,Charles Darwin University,2004,NT,non-aligned,RTS,2276166
3005,Charles Sturt University,2004,NSW,RUN,APA,496203
3005,Charles Sturt University,2004,NSW,RUN,IPRS,86950
3005,Charles Sturt University,2004,NSW,RUN,IGS,1300509
3005,Charles Sturt University,2004,NSW,RUN,RIBG,843377
3005,Charles Sturt University,2004,NSW,RUN,RPS,145147
3005,Charles Sturt University,2004,NSW,RUN,RTS,3060130
2236,Curtin University,2004,WA,ATN,APA,1709921
2236,Curtin University,2004,WA,ATN,IPRS,459349
2236,Curtin University,2004,WA,ATN,IGS,5624175
2236,Curtin University,2004,WA,ATN,RIBG,1563468
2236,Curtin University,2004,WA,ATN,RTS,11341374
3030,Deakin University,2004,VIC,ATN,APA,1458856
3030,Deakin University,2004,VIC,ATN,IPRS,247277
3030,Deakin University,2004,VIC,ATN,IGS,3153662
3030,Deakin University,2004,VIC,ATN,RIBG,1589712
3030,Deakin University,2004,VIC,ATN,RTS,8047695
2235,Edith Cowan University,2004,WA,non-aligned,APA,800000
2235,Edith Cowan University,2004,WA,non-aligned,IPRS,166689
2235,Edith Cowan University,2004,WA,non-aligned,IGS,1534666
2235,Edith Cowan University,2004,WA,non-aligned,RIBG,523182
2235,Edith Cowan University,2004,WA,non-aligned,RTS,3937219
2154,Federation University Australia,2004,VIC,RUN,APA,217462
2154,Federation University Australia,2004,VIC,RUN,IPRS,55563
2154,Federation University Australia,2004,VIC,RUN,IGS,510745
2154,Federation University Australia,2004,VIC,RUN,RIBG,174994
2154,Federation University Australia,2004,VIC,RUN,RTS,1048968
3029,Flinders University,2004,SA,IRU,APA,1832020
3029,Flinders University,2004,SA,IRU,IPRS,327016
3029,Flinders University,2004,SA,IRU,IGS,6777998
3029,Flinders University,2004,SA,IRU,RIBG,3481966
3029,Flinders University,2004,SA,IRU,RTS,11278855
3032,Griffith University,2004,QLD,IRU,APA,2120900
3032,Griffith University,2004,QLD,IRU,IPRS,356282
3032,Griffith University,2004,QLD,IRU,IGS,6517683
3032,Griffith University,2004,QLD,IRU,RIBG,2616848
3032,Griffith University,2004,QLD,IRU,RTS,11957766
1019,James Cook University,2004,QLD,IRU,APA,1396564
1019,James Cook University,2004,QLD,IRU,IPRS,348223
1019,James Cook University,2004,QLD,IRU,IGS,4076749
1019,James Cook University,2004,QLD,IRU,RIBG,1778804
1019,James Cook University,2004,QLD,IRU,RPS,660192
1019,James Cook University,2004,QLD,IRU,RTS,8423322
3020,La Trobe University,2004,VIC,IRU,APA,2288617
3020,La Trobe University,2004,VIC,IRU,IPRS,471225
3020,La Trobe University,2004,VIC,IRU,IGS,6046080
3020,La Trobe University,2004,VIC,IRU,RIBG,3121884
3020,La Trobe University,2004,VIC,IRU,RPS,1720300
3020,La Trobe University,2004,VIC,IRU,RTS,13576316
3025,Macquarie University,2004,NSW,non-aligned,APA,1676625
3025,Macquarie University,2004,NSW,non-aligned,IPRS,333378
3025,Macquarie University,2004,NSW,non-aligned,IGS,6019746
3025,Macquarie University,2004,NSW,non-aligned,RIBG,2495128
3025,Macquarie University,2004,NSW,non-aligned,RTS,12228568
3035,Monash University,2004,VIC,Go8,APA,6332646
3035,Monash University,2004,VIC,Go8,IPRS,1163855
3035,Monash University,2004,VIC,Go8,IGS,20330754
3035,Monash University,2004,VIC,Go8,RIBG,11037862
3035,Monash University,2004,VIC,Go8,RTS,37800609
1034,Murdoch University,2004,WA,IRU,APA,1242122
1034,Murdoch University,2004,WA,IRU,IPRS,253639
1034,Murdoch University,2004,WA,IRU,IGS,4580293
1034,Murdoch University,2004,WA,IRU,RIBG,2408825
1034,Murdoch University,2004,WA,IRU,RTS,8813784
3042,Queensland University of Technology,2004,QLD,non-aligned,APA,1865241
3042,Queensland University of Technology,2004,QLD,non-aligned,IPRS,364765
3042,Queensland University of Technology,2004,QLD,non-aligned,IGS,4902656
3042,Queensland University of Technology,2004,QLD,non-aligned,RIBG,1745934
3042,Queensland University of Technology,2004,QLD,non-aligned,RTS,9887670
3034,Royal Melbourne Institute of Technology,2004,VIC,ATN,APA,2204351
3034,Royal Melbourne Institute of Technology,2004,VIC,ATN,IPRS,535271
3034,Royal Melbourne Institute of Technology,2004,VIC,ATN,IGS,4896266
3034,Royal Melbourne Institute of Technology,2004,VIC,ATN,RIBG,1106856
3034,Royal Melbourne Institute of Technology,2004,VIC,ATN,RTS,12110714
3038,Southern Cross University,2004,NSW,RUN,APA,582863
3038,Southern Cross University,2004,NSW,RUN,IPRS,126819
3038,Southern Cross University,2004,NSW,RUN,IGS,1304352
3038,Southern Cross University,2004,NSW,RUN,RIBG,450402
3038,Southern Cross University,2004,NSW,RUN,RTS,2774619
2177,Swinburne University of Technology,2004,VIC,non-aligned,APA,836705
2177,Swinburne University of Technology,2004,VIC,non-aligned,IPRS,166689
2177,Swinburne University of Technology,2004,VIC,non-aligned,IGS,1876062
2177,Swinburne University of Technology,2004,VIC,non-aligned,RIBG,853483
2177,Swinburne University of Technology,2004,VIC,non-aligned,RTS,4946000
3033,The Australian National University,2004,ACT,Go8,APA,5174231
3033,The Australian National University,2004,ACT,Go8,IPRS,1079026
3033,The Australian National University,2004,ACT,Go8,IGS,15969556
3033,The Australian National University,2004,ACT,Go8,RIBG,10602642
3033,The Australian National University,2004,ACT,Go8,RTS,24009218
3010,The University of Adelaide,2004,SA,Go8,APA,4205405
3010,The University of Adelaide,2004,SA,Go8,IPRS,789759
3010,The University of Adelaide,2004,SA,Go8,IGS,15950625
3010,The University of Adelaide,2004,SA,Go8,RIBG,12193616
3010,The University of Adelaide,2004,SA,Go8,RTS,29161228
3036,The University of Melbourne,2004,VIC,Go8,APA,10065273
3036,The University of Melbourne,2004,VIC,Go8,IPRS,1740693
3036,The University of Melbourne,2004,VIC,Go8,IGS,31395168
3036,The University of Melbourne,2004,VIC,Go8,RIBG,21901068
3036,The University of Melbourne,2004,VIC,Go8,RTS,53772689
3044,The University of Notre Dame Australia,2004,WA,non-aligned,APA,39972
3044,The University of Notre Dame Australia,2004,WA,non-aligned,IPRS,55563
3044,The University of Notre Dame Australia,2004,WA,non-aligned,IGS,101540
3044,The University of Notre Dame Australia,2004,WA,non-aligned,RIBG,13954
3044,The University of Notre Dame Australia,2004,WA,non-aligned,RTS,135566
3019,The University of Queensland,2004,QLD,Go8,APA,8365252
3019,The University of Queensland,2004,QLD,Go8,IPRS,1666891
3019,The University of Queensland,2004,QLD,Go8,IGS,28947186
3019,The University of Queensland,2004,QLD,Go8,RIBG,15365694
3019,The University of Queensland,2004,QLD,Go8,RTS,52096884
3040,The University of Sydney,2004,NSW,Go8,APA,8810969
3040,The University of Sydney,2004,NSW,Go8,IPRS,1592666
3040,The University of Sydney,2004,NSW,Go8,IGS,29161735
3040,The University of Sydney,2004,NSW,Go8,RIBG,17395230
3040,The University of Sydney,2004,NSW,Go8,RTS,56732551
1055,The University of Western Australia,2004,WA,Go8,APA,4696046
1055,The University of Western Australia,2004,WA,Go8,IPRS,849987
1055,The University of Western Australia,2004,WA,Go8,IGS,15968576
1055,The University of Western Australia,2004,WA,Go8,RIBG,12420404
1055,The University of Western Australia,2004,WA,Go8,RTS,28412257
2241,University of Canberra,2004,ACT,IRU,APA,557153
2241,University of Canberra,2004,ACT,IRU,IPRS,111126
2241,University of Canberra,2004,ACT,IRU,IGS,1820481
2241,University of Canberra,2004,ACT,IRU,RIBG,463091
2241,University of Canberra,2004,ACT,IRU,RTS,2696066
4331,University of Divinity,2004,VIC,non-aligned,APA,112069
4331,University of Divinity,2004,VIC,non-aligned,IPRS,44535
4331,University of Divinity,2004,VIC,non-aligned,IGS,154079
4331,University of Divinity,2004,VIC,non-aligned,RTS,99221
3039,University of New England,2004,NSW,RUN,APA,1298719
3039,University of New England,2004,NSW,RUN,IPRS,308354
3039,University of New England,2004,NSW,RUN,IGS,3703657
3039,University of New England,2004,NSW,RUN,RIBG,2012574
3039,University of New England,2004,NSW,RUN,RPS,461152
3039,University of New England,2004,NSW,RUN,RTS,8718335
3013,University of New South Wales,2004,NSW,Go8,APA,6860499
3013,University of New South Wales,2004,NSW,Go8,IPRS,1517168
3013,University of New South Wales,2004,NSW,Go8,IGS,24518694
3013,University of New South Wales,2004,NSW,Go8,RIBG,14903584
3013,University of New South Wales,2004,NSW,Go8,RTS,41612373
3014,University of Newcastle,2004,NSW,ATN,APA,1952853
3014,University of Newcastle,2004,NSW,ATN,IPRS,393607
3014,University of Newcastle,2004,NSW,ATN,IGS,6769514
3014,University of Newcastle,2004,NSW,ATN,RIBG,3903952
3014,University of Newcastle,2004,NSW,ATN,RPS,2615453
3014,University of Newcastle,2004,NSW,ATN,RTS,12473468
3027,University of South Australia,2004,SA,ATN,APA,1421292
3027,University of South Australia,2004,SA,ATN,IPRS,298174
3027,University of South Australia,2004,SA,ATN,IGS,4766380
3027,University of South Australia,2004,SA,ATN,RIBG,1328726
3027,University of South Australia,2004,SA,ATN,RTS,7157063
2201,University of Southern Queensland,2004,QLD,RUN,APA,344011
2201,University of Southern Queensland,2004,QLD,RUN,IPRS,55563
2201,University of Southern Queensland,2004,QLD,RUN,IGS,965513
2201,University of Southern Queensland,2004,QLD,RUN,RIBG,454828
2201,University of Southern Queensland,2004,QLD,RUN,RTS,2236515
3045,University of Tasmania,2004,TAS,non-aligned,APA,2166229
3045,University of Tasmania,2004,TAS,non-aligned,IPRS,440687
3045,University of Tasmania,2004,TAS,non-aligned,IGS,7613822
3045,University of Tasmania,2004,TAS,non-aligned,RIBG,4375345
3045,University of Tasmania,2004,TAS,non-aligned,RTS,16112372
3016,University of Technology Sydney,2004,NSW,ATN,APA,1342831
3016,University of Technology Sydney,2004,NSW,ATN,IPRS,242611
3016,University of Technology Sydney,2004,NSW,ATN,IGS,3864921
3016,University of Technology Sydney,2004,NSW,ATN,RIBG,1419071
3016,University of Technology Sydney,2004,NSW,ATN,RTS,10100412
3043,University of the Sunshine Coast,2004,QLD,RUN,APA,49358
3043,University of the Sunshine Coast,2004,QLD,RUN,IGS,137834
3043,University of the Sunshine Coast,2004,QLD,RUN,RIBG,41880
3043,University of the Sunshine Coast,2004,QLD,RUN,RTS,566925
1058,University of Wollongong,2004,NSW,non-aligned,APA,1767461
1058,University of Wollongong,2004,NSW,non-aligned,IPRS,427963
1058,University of Wollongong,2004,NSW,non-aligned,IGS,5330900
1058,University of Wollongong,2004,NSW,non-aligned,RIBG,2739082
1058,University of Wollongong,2004,NSW,non-aligned,RTS,13540826
3007,Victoria University,2004,VIC,non-aligned,APA,765308
3007,Victoria University,2004,VIC,non-aligned,IPRS,153541
3007,Victoria University,2004,VIC,non-aligned,IGS,1783029
3007,Victoria University,2004,VIC,non-aligned,RIBG,607736
3007,Victoria University,2004,VIC,non-aligned,RTS,5477190
3004,Western Sydney University,2004,NSW,IRU,APA,1232620
3004,Western Sydney University,2004,NSW,IRU,IPRS,277815
3004,Western Sydney University,2004,NSW,IRU,IGS,3415916
3004,Western Sydney University,2004,NSW,IRU,RIBG,1425752
3004,Western Sydney University,2004,NSW,IRU,RTS,8301897
3006,Australian Catholic University,2003,OTHER,non-aligned,APA,199474
3006,Australian Catholic University,2003,OTHER,non-aligned,IPRS,55580
3006,Australian Catholic University,2003,OTHER,non-aligned,IGS,478986
3006,Australian Catholic University,2003,OTHER,non-aligned,RIBG,119672
3006,Australian Catholic University,2003,OTHER,non-aligned,RTS,997918
2246,Batchelor Institute of Indigenous Tertiary Education,2003,NT,non-aligned,IGS,10204
3003,Bond University ,2003,QLD,non-aligned,APA,60551
3003,Bond University ,2003,QLD,non-aligned,IPRS,55580
3003,Bond University ,2003,QLD,non-aligned,IGS,60024
3003,Bond University ,2003,QLD,non-aligned,RIBG,24916
3003,Bond University ,2003,QLD,non-aligned,RTS,26345
2200,Central Queensland University,2003,QLD,RUN,APA,333237
2200,Central Queensland University,2003,QLD,RUN,IPRS,68733
2200,Central Queensland University,2003,QLD,RUN,IGS,971052
2200,Central Queensland University,2003,QLD,RUN,RIBG,284291
2200,Central Queensland University,2003,QLD,RUN,RTS,2803758
3001,Charles Darwin University,2003,NT,non-aligned,APA,322922
3001,Charles Darwin University,2003,NT,non-aligned,IPRS,55580
3001,Charles Darwin University,2003,NT,non-aligned,IGS,1235817
3001,Charles Darwin University,2003,NT,non-aligned,RIBG,408325
3001,Charles Darwin University,2003,NT,non-aligned,RTS,2233154
3005,Charles Sturt University,2003,NSW,RUN,APA,494209
3005,Charles Sturt University,2003,NSW,RUN,IPRS,71278
3005,Charles Sturt University,2003,NSW,RUN,IGS,1210263
3005,Charles Sturt University,2003,NSW,RUN,RIBG,606956
3005,Charles Sturt University,2003,NSW,RUN,RPS,90520
3005,Charles Sturt University,2003,NSW,RUN,RTS,3065792
2236,Curtin University,2003,WA,ATN,APA,1819843
2236,Curtin University,2003,WA,ATN,IPRS,506162
2236,Curtin University,2003,WA,ATN,IGS,5233897
2236,Curtin University,2003,WA,ATN,RIBG,1512750
2236,Curtin University,2003,WA,ATN,RTS,10554343
3030,Deakin University,2003,VIC,ATN,APA,1423207
3030,Deakin University,2003,VIC,ATN,IPRS,189652
3030,Deakin University,2003,VIC,ATN,IGS,2934820
3030,Deakin University,2003,VIC,ATN,RIBG,1205608
3030,Deakin University,2003,VIC,ATN,RTS,7489228
2235,Edith Cowan University,2003,WA,non-aligned,APA,826413
2235,Edith Cowan University,2003,WA,non-aligned,IPRS,166741
2235,Edith Cowan University,2003,WA,non-aligned,IGS,1428171
2235,Edith Cowan University,2003,WA,non-aligned,RIBG,403856
2235,Edith Cowan University,2003,WA,non-aligned,RTS,3663997
2154,Federation University Australia,2003,VIC,RUN,APA,189573
2154,Federation University Australia,2003,VIC,RUN,IPRS,55580
2154,Federation University Australia,2003,VIC,RUN,IGS,475303
2154,Federation University Australia,2003,VIC,RUN,RIBG,96786
2154,Federation University Australia,2003,VIC,RUN,RTS,1035561
3029,Flinders University,2003,SA,IRU,APA,1797762
3029,Flinders University,2003,SA,IRU,IPRS,300812
3029,Flinders University,2003,SA,IRU,IGS,7045772
3029,Flinders University,2003,SA,IRU,RIBG,3464769
3029,Flinders University,2003,SA,IRU,RTS,11267322
3032,Griffith University,2003,QLD,IRU,APA,2094233
3032,Griffith University,2003,QLD,IRU,IPRS,298266
3032,Griffith University,2003,QLD,IRU,IGS,6104254
3032,Griffith University,2003,QLD,IRU,RIBG,2174379
3032,Griffith University,2003,QLD,IRU,RTS,11979754
1019,James Cook University,2003,QLD,IRU,APA,1359197
1019,James Cook University,2003,QLD,IRU,IPRS,395002
1019,James Cook University,2003,QLD,IRU,IGS,3860232
1019,James Cook University,2003,QLD,IRU,RIBG,1633413
1019,James Cook University,2003,QLD,IRU,RPS,682524
1019,James Cook University,2003,QLD,IRU,RTS,8183895
3020,La Trobe University,2003,VIC,IRU,APA,2282847
3020,La Trobe University,2003,VIC,IRU,IPRS,484524
3020,La Trobe University,2003,VIC,IRU,IGS,6284937
3020,La Trobe University,2003,VIC,IRU,RIBG,2844923
3020,La Trobe University,2003,VIC,IRU,RPS,759508
3020,La Trobe University,2003,VIC,IRU,RTS,13601276
3025,Macquarie University,2003,NSW,non-aligned,APA,1850387
3025,Macquarie University,2003,NSW,non-aligned,IPRS,333481
3025,Macquarie University,2003,NSW,non-aligned,IGS,6257565
3025,Macquarie University,2003,NSW,non-aligned,RIBG,2573395
3025,Macquarie University,2003,NSW,non-aligned,RTS,12251193
3035,Monash University,2003,VIC,Go8,APA,6009090
3035,Monash University,2003,VIC,Go8,IPRS,1046266
3035,Monash University,2003,VIC,Go8,IGS,19317571
3035,Monash University,2003,VIC,Go8,RIBG,9639300
3035,Monash University,2003,VIC,Go8,RTS,37035978
1034,Murdoch University,2003,WA,IRU,APA,1275672
1034,Murdoch University,2003,WA,IRU,IPRS,249050
1034,Murdoch University,2003,WA,IRU,IGS,4262453
1034,Murdoch University,2003,WA,IRU,RIBG,1883529
1034,Murdoch University,2003,WA,IRU,RTS,8587139
3042,Queensland University of Technology,2003,QLD,non-aligned,APA,1829996
3042,Queensland University of Technology,2003,QLD,non-aligned,IPRS,349180
3042,Queensland University of Technology,2003,QLD,non-aligned,IGS,4885160
3042,Queensland University of Technology,2003,QLD,non-aligned,RIBG,1495461
3042,Queensland University of Technology,2003,QLD,non-aligned,RTS,9485113
3034,Royal Melbourne Institute of Technology,2003,VIC,ATN,APA,2281193
3034,Royal Melbourne Institute of Technology,2003,VIC,ATN,IPRS,553257
3034,Royal Melbourne Institute of Technology,2003,VIC,ATN,IGS,4556500
3034,Royal Melbourne Institute of Technology,2003,VIC,ATN,RIBG,1010970
3034,Royal Melbourne Institute of Technology,2003,VIC,ATN,RTS,12133121
3038,Southern Cross University,2003,NSW,RUN,APA,502155
3038,Southern Cross University,2003,NSW,RUN,IPRS,100129
3038,Southern Cross University,2003,NSW,RUN,IGS,1242832
3038,Southern Cross University,2003,NSW,RUN,RIBG,432317
3038,Southern Cross University,2003,NSW,RUN,RPS,101420
3038,Southern Cross University,2003,NSW,RUN,RTS,2582077
2177,Swinburne University of Technology,2003,VIC,non-aligned,APA,798810
2177,Swinburne University of Technology,2003,VIC,non-aligned,IPRS,155710
2177,Swinburne University of Technology,2003,VIC,non-aligned,IGS,1745877
2177,Swinburne University of Technology,2003,VIC,non-aligned,RIBG,623586
2177,Swinburne University of Technology,2003,VIC,non-aligned,RTS,4955152
3033,The Australian National University,2003,ACT,Go8,APA,5146425
3033,The Australian National University,2003,ACT,Go8,IPRS,1190520
3033,The Australian National University,2003,ACT,Go8,IGS,16600455
3033,The Australian National University,2003,ACT,Go8,RIBG,8582189
3033,The Australian National University,2003,ACT,Go8,RTS,22343106
3010,The University of Adelaide,2003,SA,Go8,APA,4215871
3010,The University of Adelaide,2003,SA,Go8,IPRS,751818
3010,The University of Adelaide,2003,SA,Go8,IGS,15325309
3010,The University of Adelaide,2003,SA,Go8,RIBG,10221591
3010,The University of Adelaide,2003,SA,Go8,RTS,27137595
3036,The University of Melbourne,2003,VIC,Go8,APA,9478021
3036,The University of Melbourne,2003,VIC,Go8,IPRS,1510000
3036,The University of Melbourne,2003,VIC,Go8,IGS,29869935
3036,The University of Melbourne,2003,VIC,Go8,RIBG,17626140
3036,The University of Melbourne,2003,VIC,Go8,RTS,52496884
3044,The University of Notre Dame Australia,2003,WA,non-aligned,APA,64540
3044,The University of Notre Dame Australia,2003,WA,non-aligned,IPRS,55580
3044,The University of Notre Dame Australia,2003,WA,non-aligned,IGS,105552
3044,The University of Notre Dame Australia,2003,WA,non-aligned,RIBG,19993
3044,The University of Notre Dame Australia,2003,WA,non-aligned,RTS,88550
3019,The University of Queensland,2003,QLD,Go8,APA,7953236
3019,The University of Queensland,2003,QLD,Go8,IPRS,1667407
3019,The University of Queensland,2003,QLD,Go8,IGS,28392114
3019,The University of Queensland,2003,QLD,Go8,RIBG,13664572
3019,The University of Queensland,2003,QLD,Go8,RTS,51327926
3040,The University of Sydney,2003,NSW,Go8,APA,8471122
3040,The University of Sydney,2003,NSW,Go8,IPRS,1501939
3040,The University of Sydney,2003,NSW,Go8,IGS,27138118
3040,The University of Sydney,2003,NSW,Go8,RIBG,14543590
3040,The University of Sydney,2003,NSW,Go8,RTS,56493341
1055,The University of Western Australia,2003,WA,Go8,APA,4647998
1055,The University of Western Australia,2003,WA,Go8,IPRS,776850
1055,The University of Western Australia,2003,WA,Go8,IGS,16172143
1055,The University of Western Australia,2003,WA,Go8,RIBG,10325229
1055,The University of Western Australia,2003,WA,Go8,RTS,27525557
2241,University of Canberra,2003,ACT,IRU,APA,498199
2241,University of Canberra,2003,ACT,IRU,IPRS,100129
2241,University of Canberra,2003,ACT,IRU,IGS,1704355
2241,University of Canberra,2003,ACT,IRU,RIBG,565442
2241,University of Canberra,2003,ACT,IRU,RTS,2704244
4331,University of Divinity,2003,VIC,non-aligned,APA,50739
4331,University of Divinity,2003,VIC,non-aligned,IPRS,31396
4331,University of Divinity,2003,VIC,non-aligned,IGS,143387
4331,University of Divinity,2003,VIC,non-aligned,RTS,92336
3039,University of New England,2003,NSW,RUN,APA,1286819
3039,University of New England,2003,NSW,RUN,IPRS,366151
3039,University of New England,2003,NSW,RUN,IGS,3849975
3039,University of New England,2003,NSW,RUN,RIBG,1630272
3039,University of New England,2003,NSW,RUN,RTS,8734971
3013,University of New South Wales,2003,NSW,Go8,APA,6679937
3013,University of New South Wales,2003,NSW,Go8,IPRS,1602493
3013,University of New South Wales,2003,NSW,Go8,IGS,25487339
3013,University of New South Wales,2003,NSW,Go8,RIBG,13462271
3013,University of New South Wales,2003,NSW,Go8,RTS,41688917
3014,University of Newcastle,2003,NSW,ATN,APA,2039059
3014,University of Newcastle,2003,NSW,ATN,IPRS,380576
3014,University of Newcastle,2003,NSW,ATN,IGS,7036954
3014,University of Newcastle,2003,NSW,ATN,RIBG,3336782
3014,University of Newcastle,2003,NSW,ATN,RPS,1583028
3014,University of Newcastle,2003,NSW,ATN,RTS,12496547
3027,University of South Australia,2003,SA,ATN,APA,1340213
3027,University of South Australia,2003,SA,ATN,IPRS,280447
3027,University of South Australia,2003,SA,ATN,IGS,4529743
3027,University of South Australia,2003,SA,ATN,RIBG,1249384
3027,University of South Australia,2003,SA,ATN,RTS,7170305
2201,University of Southern Queensland,2003,QLD,RUN,APA,297451
2201,University of Southern Queensland,2003,QLD,RUN,IPRS,55580
2201,University of Southern Queensland,2003,QLD,RUN,IGS,898513
2201,University of Southern Queensland,2003,QLD,RUN,RIBG,392587
2201,University of Southern Queensland,2003,QLD,RUN,RTS,2094283
3045,University of Tasmania,2003,TAS,non-aligned,APA,2080663
3045,University of Tasmania,2003,TAS,non-aligned,IPRS,396274
3045,University of Tasmania,2003,TAS,non-aligned,IGS,7291030
3045,University of Tasmania,2003,TAS,non-aligned,RIBG,3372564
3045,University of Tasmania,2003,TAS,non-aligned,RTS,15002339
3016,University of Technology Sydney,2003,NSW,ATN,APA,1424507
3016,University of Technology Sydney,2003,NSW,ATN,IPRS,202804
3016,University of Technology Sydney,2003,NSW,ATN,IGS,3596723
3016,University of Technology Sydney,2003,NSW,ATN,RIBG,1244916
3016,University of Technology Sydney,2003,NSW,ATN,RTS,10119099
3043,University of the Sunshine Coast,2003,QLD,RUN,APA,41875
3043,University of the Sunshine Coast,2003,QLD,RUN,IGS,128269
3043,University of the Sunshine Coast,2003,QLD,RUN,RIBG,5102
3043,University of the Sunshine Coast,2003,QLD,RUN,RTS,435811
1058,University of Wollongong,2003,NSW,non-aligned,APA,1807807
1058,University of Wollongong,2003,NSW,non-aligned,IPRS,512526
1058,University of Wollongong,2003,NSW,non-aligned,IGS,5397220
1058,University of Wollongong,2003,NSW,non-aligned,RIBG,2400015
1058,University of Wollongong,2003,NSW,non-aligned,RTS,13174919
3007,Victoria University,2003,VIC,non-aligned,APA,727665
3007,Victoria University,2003,VIC,non-aligned,IPRS,151042
3007,Victoria University,2003,VIC,non-aligned,IGS,1659300
3007,Victoria University,2003,VIC,non-aligned,RIBG,673376
3007,Victoria University,2003,VIC,non-aligned,RTS,5097102
3004,Western Sydney University,2003,NSW,IRU,APA,1294079
3004,Western Sydney University,2003,NSW,IRU,IPRS,277901
3004,Western Sydney University,2003,NSW,IRU,IGS,3178876
3004,Western Sydney University,2003,NSW,IRU,RIBG,1243783
3004,Western Sydney University,2003,NSW,IRU,RTS,8317257
3006,Australian Catholic University,2002,OTHER,non-aligned,APA,142675
3006,Australian Catholic University,2002,OTHER,non-aligned,IPRS,55854
3006,Australian Catholic University,2002,OTHER,non-aligned,IGS,445638
3006,Australian Catholic University,2002,OTHER,non-aligned,RIBG,75067
3006,Australian Catholic University,2002,OTHER,non-aligned,RTS,928445
2246,Batchelor Institute of Indigenous Tertiary Education,2002,NT,non-aligned,IGS,9493
3003,Bond University ,2002,QLD,non-aligned,APA,41945
3003,Bond University ,2002,QLD,non-aligned,IPRS,40079
3003,Bond University ,2002,QLD,non-aligned,IGS,55846
3003,Bond University ,2002,QLD,non-aligned,RIBG,14720
3003,Bond University ,2002,QLD,non-aligned,RTS,24510
2200,Central Queensland University,2002,QLD,RUN,APA,317845
2200,Central Queensland University,2002,QLD,RUN,IPRS,71630
2200,Central Queensland University,2002,QLD,RUN,IGS,903445
2200,Central Queensland University,2002,QLD,RUN,RIBG,242162
2200,Central Queensland University,2002,QLD,RUN,RTS,2821812
3001,Charles Darwin University,2002,NT,non-aligned,APA,434554
3001,Charles Darwin University,2002,NT,non-aligned,IPRS,55854
3001,Charles Darwin University,2002,NT,non-aligned,IGS,1234472
3001,Charles Darwin University,2002,NT,non-aligned,RIBG,417935
3001,Charles Darwin University,2002,NT,non-aligned,RTS,2247535
3005,Charles Sturt University,2002,NSW,RUN,APA,537101
3005,Charles Sturt University,2002,NSW,RUN,IPRS,55854
3005,Charles Sturt University,2002,NSW,RUN,IGS,1126002
3005,Charles Sturt University,2002,NSW,RUN,RIBG,469501
3005,Charles Sturt University,2002,NSW,RUN,RPS,54217
3005,Charles Sturt University,2002,NSW,RUN,RTS,3085534
2236,Curtin University,2002,WA,ATN,APA,1529075
2236,Curtin University,2002,WA,ATN,IPRS,547456
2236,Curtin University,2002,WA,ATN,IGS,4869504
2236,Curtin University,2002,WA,ATN,RIBG,1222644
2236,Curtin University,2002,WA,ATN,RTS,9819536
3030,Deakin University,2002,VIC,ATN,APA,1273374
3030,Deakin University,2002,VIC,ATN,IPRS,143259
3030,Deakin University,2002,VIC,ATN,IGS,2730493
3030,Deakin University,2002,VIC,ATN,RIBG,894494
3030,Deakin University,2002,VIC,ATN,RTS,6967819
2235,Edith Cowan University,2002,WA,non-aligned,APA,721717
2235,Edith Cowan University,2002,WA,non-aligned,IPRS,167562
2235,Edith Cowan University,2002,WA,non-aligned,IGS,1328740
2235,Edith Cowan University,2002,WA,non-aligned,RIBG,261092
2235,Edith Cowan University,2002,WA,non-aligned,RTS,3408905
2154,Federation University Australia,2002,VIC,RUN,APA,123525
2154,Federation University Australia,2002,VIC,RUN,IPRS,55854
2154,Federation University Australia,2002,VIC,RUN,IGS,442212
2154,Federation University Australia,2002,VIC,RUN,RIBG,75778
2154,Federation University Australia,2002,VIC,RUN,RTS,998821
3029,Flinders University,2002,SA,IRU,APA,1799298
3029,Flinders University,2002,SA,IRU,IPRS,266053
3029,Flinders University,2002,SA,IRU,IGS,7038107
3029,Flinders University,2002,SA,IRU,RIBG,2909850
3029,Flinders University,2002,SA,IRU,RTS,10576833
3032,Griffith University,2002,QLD,IRU,APA,1973251
3032,Griffith University,2002,QLD,IRU,IPRS,254968
3032,Griffith University,2002,QLD,IRU,IGS,5679267
3032,Griffith University,2002,QLD,IRU,RIBG,1699320
3032,Griffith University,2002,QLD,IRU,RTS,11925479
1019,James Cook University,2002,QLD,IRU,APA,1332499
1019,James Cook University,2002,QLD,IRU,IPRS,457919
1019,James Cook University,2002,QLD,IRU,IGS,3856033
1019,James Cook University,2002,QLD,IRU,RIBG,1460246
1019,James Cook University,2002,QLD,IRU,RPS,340423
1019,James Cook University,2002,QLD,IRU,RTS,8236595
3020,La Trobe University,2002,VIC,IRU,APA,2355963
3020,La Trobe University,2002,VIC,IRU,IPRS,475826
3020,La Trobe University,2002,VIC,IRU,IGS,6278102
3020,La Trobe University,2002,VIC,IRU,RIBG,2310354
3020,La Trobe University,2002,VIC,IRU,RPS,384314
3020,La Trobe University,2002,VIC,IRU,RTS,13500098
3025,Macquarie University,2002,NSW,non-aligned,APA,1992902
3025,Macquarie University,2002,NSW,non-aligned,IPRS,335125
3025,Macquarie University,2002,NSW,non-aligned,IGS,6250758
3025,Macquarie University,2002,NSW,non-aligned,RIBG,2314454
3025,Macquarie University,2002,NSW,non-aligned,RTS,12330083
3035,Monash University,2002,VIC,Go8,APA,5915023
3035,Monash University,2002,VIC,Go8,IPRS,952079
3035,Monash University,2002,VIC,Go8,IGS,18621670
3035,Monash University,2002,VIC,Go8,RIBG,8078236
3035,Monash University,2002,VIC,Go8,RTS,37274468
1034,Murdoch University,2002,WA,IRU,APA,1387140
1034,Murdoch University,2002,WA,IRU,IPRS,258805
1034,Murdoch University,2002,WA,IRU,IGS,3965695
1034,Murdoch University,2002,WA,IRU,RIBG,1508451
1034,Murdoch University,2002,WA,IRU,RTS,8429669
3042,Queensland University of Technology,2002,QLD,non-aligned,APA,1626131
3042,Queensland University of Technology,2002,QLD,non-aligned,IPRS,312954
3042,Queensland University of Technology,2002,QLD,non-aligned,IGS,4879847
3042,Queensland University of Technology,2002,QLD,non-aligned,RIBG,1335606
3042,Queensland University of Technology,2002,QLD,non-aligned,RTS,9546191
3034,Royal Melbourne Institute of Technology,2002,VIC,ATN,APA,1818936
3034,Royal Melbourne Institute of Technology,2002,VIC,ATN,IPRS,574317
3034,Royal Melbourne Institute of Technology,2002,VIC,ATN,IGS,4239269
3034,Royal Melbourne Institute of Technology,2002,VIC,ATN,RIBG,779532
3034,Royal Melbourne Institute of Technology,2002,VIC,ATN,RTS,12211251
3038,Southern Cross University,2002,NSW,RUN,APA,466409
3038,Southern Cross University,2002,NSW,RUN,IPRS,87405
3038,Southern Cross University,2002,NSW,RUN,IGS,1239785
3038,Southern Cross University,2002,NSW,RUN,RIBG,377248
3038,Southern Cross University,2002,NSW,RUN,RPS,193590
3038,Southern Cross University,2002,NSW,RUN,RTS,2402309
2177,Swinburne University of Technology,2002,VIC,non-aligned,APA,652513
2177,Swinburne University of Technology,2002,VIC,non-aligned,IPRS,154345
2177,Swinburne University of Technology,2002,VIC,non-aligned,IGS,1624326
2177,Swinburne University of Technology,2002,VIC,non-aligned,RIBG,424547
2177,Swinburne University of Technology,2002,VIC,non-aligned,RTS,4987059
3033,The Australian National University,2002,ACT,Go8,APA,4909145
3033,The Australian National University,2002,ACT,Go8,IPRS,1246272
3033,The Australian National University,2002,ACT,Go8,IGS,16582397
3033,The Australian National University,2002,ACT,Go8,RIBG,7335058
3033,The Australian National University,2002,ACT,Go8,RTS,20787551
3010,The University of Adelaide,2002,SA,Go8,APA,4208579
3010,The University of Adelaide,2002,SA,Go8,IPRS,783664
3010,The University of Adelaide,2002,SA,Go8,IGS,15308639
3010,The University of Adelaide,2002,SA,Go8,RIBG,7954386
3010,The University of Adelaide,2002,SA,Go8,RTS,25248242
3036,The University of Melbourne,2002,VIC,Go8,APA,9134928
3036,The University of Melbourne,2002,VIC,Go8,IPRS,1254800
3036,The University of Melbourne,2002,VIC,Go8,IGS,29837441
3036,The University of Melbourne,2002,VIC,Go8,RIBG,14378439
3036,The University of Melbourne,2002,VIC,Go8,RTS,52794033
3044,The University of Notre Dame Australia,2002,WA,non-aligned,APA,66527
3044,The University of Notre Dame Australia,2002,WA,non-aligned,IPRS,55854
3044,The University of Notre Dame Australia,2002,WA,non-aligned,IGS,105437
3044,The University of Notre Dame Australia,2002,WA,non-aligned,RIBG,12521
3044,The University of Notre Dame Australia,2002,WA,non-aligned,RTS,86505
3019,The University of Queensland,2002,QLD,Go8,APA,7853414
3019,The University of Queensland,2002,QLD,Go8,IPRS,1664539
3019,The University of Queensland,2002,QLD,Go8,IGS,26819268
3019,The University of Queensland,2002,QLD,Go8,RIBG,11133725
3019,The University of Queensland,2002,QLD,Go8,RTS,50318510
3040,The University of Sydney,2002,NSW,Go8,APA,8603649
3040,The University of Sydney,2002,NSW,Go8,IPRS,1423215
3040,The University of Sydney,2002,NSW,Go8,IGS,27108598
3040,The University of Sydney,2002,NSW,Go8,RIBG,12432107
3040,The University of Sydney,2002,NSW,Go8,RTS,54152398
1055,The University of Western Australia,2002,WA,Go8,APA,4704322
1055,The University of Western Australia,2002,WA,Go8,IPRS,701801
1055,The University of Western Australia,2002,WA,Go8,IGS,15880547
1055,The University of Western Australia,2002,WA,Go8,RIBG,8257803
1055,The University of Western Australia,2002,WA,Go8,RTS,27511640
2241,University of Canberra,2002,ACT,IRU,APA,365123
2241,University of Canberra,2002,ACT,IRU,IPRS,87405
2241,University of Canberra,2002,ACT,IRU,IGS,1585695
2241,University of Canberra,2002,ACT,IRU,RIBG,468189
2241,University of Canberra,2002,ACT,IRU,RTS,2703058
4331,University of Divinity,2002,VIC,non-aligned,APA,35968
4331,University of Divinity,2002,VIC,non-aligned,IPRS,15776
4331,University of Divinity,2002,VIC,non-aligned,IGS,133404
4331,University of Divinity,2002,VIC,non-aligned,RTS,85907
3039,University of New England,2002,NSW,RUN,APA,1320823
3039,University of New England,2002,NSW,RUN,IPRS,415282
3039,University of New England,2002,NSW,RUN,IGS,3845787
3039,University of New England,2002,NSW,RUN,RIBG,1400881
3039,University of New England,2002,NSW,RUN,RTS,8574243
3013,University of New South Wales,2002,NSW,Go8,APA,6602549
3013,University of New South Wales,2002,NSW,Go8,IPRS,1701633
3013,University of New South Wales,2002,NSW,Go8,IGS,25459614
3013,University of New South Wales,2002,NSW,Go8,RIBG,12030903
3013,University of New South Wales,2002,NSW,Go8,RTS,40289257
3014,University of Newcastle,2002,NSW,ATN,APA,2192991
3014,University of Newcastle,2002,NSW,ATN,IPRS,361986
3014,University of Newcastle,2002,NSW,ATN,IGS,7029298
3014,University of Newcastle,2002,NSW,ATN,RIBG,2753560
3014,University of Newcastle,2002,NSW,ATN,RPS,1023329
3014,University of Newcastle,2002,NSW,ATN,RTS,12577016
3027,University of South Australia,2002,SA,ATN,APA,1354014
3027,University of South Australia,2002,SA,ATN,IPRS,252410
3027,University of South Australia,2002,SA,ATN,IGS,4214376
3027,University of South Australia,2002,SA,ATN,RIBG,1040525
3027,University of South Australia,2002,SA,ATN,RTS,7216477
2201,University of Southern Queensland,2002,QLD,RUN,APA,242531
2201,University of Southern Queensland,2002,QLD,RUN,IPRS,55854
2201,University of Southern Queensland,2002,QLD,RUN,IGS,835958
2201,University of Southern Queensland,2002,QLD,RUN,RIBG,366605
2201,University of Southern Queensland,2002,QLD,RUN,RTS,1948477
3045,University of Tasmania,2002,TAS,non-aligned,APA,1828898
3045,University of Tasmania,2002,TAS,non-aligned,IPRS,350900
3045,University of Tasmania,2002,TAS,non-aligned,IGS,6801627
3045,University of Tasmania,2002,TAS,non-aligned,RIBG,2680203
3045,University of Tasmania,2002,TAS,non-aligned,RTS,13965750
3016,University of Technology Sydney,2002,NSW,ATN,APA,1287006
3016,University of Technology Sydney,2002,NSW,ATN,IPRS,159035
3016,University of Technology Sydney,2002,NSW,ATN,IGS,3346313
3016,University of Technology Sydney,2002,NSW,ATN,RIBG,1039758
3016,University of Technology Sydney,2002,NSW,ATN,RTS,10184261
3043,University of the Sunshine Coast,2002,QLD,RUN,APA,52504
3043,University of the Sunshine Coast,2002,QLD,RUN,IGS,119339
3043,University of the Sunshine Coast,2002,QLD,RUN,RIBG,4002
3043,University of the Sunshine Coast,2002,QLD,RUN,RTS,306346
1058,University of Wollongong,2002,NSW,non-aligned,APA,1803896
1058,University of Wollongong,2002,NSW,non-aligned,IPRS,629318
1058,University of Wollongong,2002,NSW,non-aligned,IGS,5348225
1058,University of Wollongong,2002,NSW,non-aligned,RIBG,2023305
1058,University of Wollongong,2002,NSW,non-aligned,RTS,12638326
3007,Victoria University,2002,VIC,non-aligned,APA,698438
3007,Victoria University,2002,VIC,non-aligned,IPRS,151787
3007,Victoria University,2002,VIC,non-aligned,IGS,1543776
3007,Victoria University,2002,VIC,non-aligned,RIBG,678388
3007,Victoria University,2002,VIC,non-aligned,RTS,4742235
3004,Western Sydney University,2002,NSW,IRU,APA,1371819
3004,Western Sydney University,2002,NSW,IRU,IPRS,279271
3004,Western Sydney University,2002,NSW,IRU,IGS,2957557
3004,Western Sydney University,2002,NSW,IRU,RIBG,997405
3004,Western Sydney University,2002,NSW,IRU,RTS,8370816
3006,Australian Catholic University,2001,OTHER,non-aligned,APA,192975
3006,Australian Catholic University,2001,OTHER,non-aligned,IPRS,55173
3006,Australian Catholic University,2001,OTHER,non-aligned,IGS,414798
3006,Australian Catholic University,2001,OTHER,non-aligned,RIBG,43967
3006,Australian Catholic University,2001,OTHER,non-aligned,RTS,881000
3003,Bond University ,2001,QLD,non-aligned,APA,53580
3003,Bond University ,2001,QLD,non-aligned,IPRS,55173
3003,Bond University ,2001,QLD,non-aligned,IGS,55574
2200,Central Queensland University,2001,QLD,RUN,APA,321480
2200,Central Queensland University,2001,QLD,RUN,IPRS,55173
2200,Central Queensland University,2001,QLD,RUN,IGS,840923
2200,Central Queensland University,2001,QLD,RUN,RIBG,170294
2200,Central Queensland University,2001,QLD,RUN,RTS,2747000
3001,Charles Darwin University,2001,NT,non-aligned,APA,380287
3001,Charles Darwin University,2001,NT,non-aligned,IPRS,55173
3001,Charles Darwin University,2001,NT,non-aligned,IGS,1215177
3001,Charles Darwin University,2001,NT,non-aligned,RIBG,255023
3001,Charles Darwin University,2001,NT,non-aligned,RTS,2092000
3005,Charles Sturt University,2001,NSW,RUN,APA,415572
3005,Charles Sturt University,2001,NSW,RUN,IPRS,55173
3005,Charles Sturt University,2001,NSW,RUN,IGS,1048078
3005,Charles Sturt University,2001,NSW,RUN,RIBG,255329
3005,Charles Sturt University,2001,NSW,RUN,RTS,3121000
2236,Curtin University,2001,WA,ATN,APA,1773368
2236,Curtin University,2001,WA,ATN,IPRS,518277
2236,Curtin University,2001,WA,ATN,IGS,4532513
2236,Curtin University,2001,WA,ATN,RIBG,880168
2236,Curtin University,2001,WA,ATN,RTS,9140000
3030,Deakin University,2001,VIC,ATN,APA,1176147
3030,Deakin University,2001,VIC,ATN,IPRS,110347
3030,Deakin University,2001,VIC,ATN,IGS,2541531
3030,Deakin University,2001,VIC,ATN,RIBG,601620
3030,Deakin University,2001,VIC,ATN,RTS,6553000
2235,Edith Cowan University,2001,WA,non-aligned,APA,704817
2235,Edith Cowan University,2001,WA,non-aligned,IPRS,150259
2235,Edith Cowan University,2001,WA,non-aligned,IGS,1236785
2235,Edith Cowan University,2001,WA,non-aligned,RIBG,204405
2235,Edith Cowan University,2001,WA,non-aligned,RTS,3173000
2154,Federation University Australia,2001,VIC,RUN,APA,176858
2154,Federation University Australia,2001,VIC,RUN,IPRS,55173
2154,Federation University Australia,2001,VIC,RUN,IGS,411609
2154,Federation University Australia,2001,VIC,RUN,RIBG,68362
2154,Federation University Australia,2001,VIC,RUN,RTS,942000
3029,Flinders University,2001,SA,IRU,APA,1816058
3029,Flinders University,2001,SA,IRU,IPRS,269410
3029,Flinders University,2001,SA,IRU,IGS,7003873
3029,Flinders University,2001,SA,IRU,RIBG,2262753
3029,Flinders University,2001,SA,IRU,RTS,10385000
3032,Griffith University,2001,QLD,IRU,APA,1840888
3032,Griffith University,2001,QLD,IRU,IPRS,220693
3032,Griffith University,2001,QLD,IRU,IGS,5286236
3032,Griffith University,2001,QLD,IRU,RIBG,1245058
3032,Griffith University,2001,QLD,IRU,RTS,11501000
1019,James Cook University,2001,QLD,IRU,APA,1290277
1019,James Cook University,2001,QLD,IRU,IPRS,459582
1019,James Cook University,2001,QLD,IRU,IGS,3837277
1019,James Cook University,2001,QLD,IRU,RIBG,1149317
1019,James Cook University,2001,QLD,IRU,RTS,8314000
3020,La Trobe University,2001,VIC,IRU,APA,2356650
3020,La Trobe University,2001,VIC,IRU,IPRS,478365
3020,La Trobe University,2001,VIC,IRU,IGS,6247564
3020,La Trobe University,2001,VIC,IRU,RIBG,1783275
3020,La Trobe University,2001,VIC,IRU,RTS,13458000
3025,Macquarie University,2001,NSW,non-aligned,APA,2086572
3025,Macquarie University,2001,NSW,non-aligned,IPRS,346301
3025,Macquarie University,2001,NSW,non-aligned,IGS,6220353
3025,Macquarie University,2001,NSW,non-aligned,RIBG,2034196
3025,Macquarie University,2001,NSW,non-aligned,RTS,11994000
3035,Monash University,2001,VIC,Go8,APA,6007061
3035,Monash University,2001,VIC,Go8,IPRS,931490
3035,Monash University,2001,VIC,Go8,IGS,18284180
3035,Monash University,2001,VIC,Go8,RIBG,6139421
3035,Monash University,2001,VIC,Go8,RTS,39023000
1034,Murdoch University,2001,WA,IRU,APA,1248458
1034,Murdoch University,2001,WA,IRU,IPRS,294062
1034,Murdoch University,2001,WA,IRU,IGS,3691251
1034,Murdoch University,2001,WA,IRU,RIBG,1042426
1034,Murdoch University,2001,WA,IRU,RTS,8295000
3042,Queensland University of Technology,2001,QLD,non-aligned,APA,1749410
3042,Queensland University of Technology,2001,QLD,non-aligned,IPRS,248867
3042,Queensland University of Technology,2001,QLD,non-aligned,IGS,4542139
3042,Queensland University of Technology,2001,QLD,non-aligned,RIBG,1013098
3042,Queensland University of Technology,2001,QLD,non-aligned,RTS,9994000
3034,Royal Melbourne Institute of Technology,2001,VIC,ATN,APA,2164546
3034,Royal Melbourne Institute of Technology,2001,VIC,ATN,IPRS,536473
3034,Royal Melbourne Institute of Technology,2001,VIC,ATN,IGS,3945892
3034,Royal Melbourne Institute of Technology,2001,VIC,ATN,RIBG,609081
3034,Royal Melbourne Institute of Technology,2001,VIC,ATN,RTS,12312000
3038,Southern Cross University,2001,NSW,RUN,APA,415572
3038,Southern Cross University,2001,NSW,RUN,IPRS,55173
3038,Southern Cross University,2001,NSW,RUN,IGS,1233755
3038,Southern Cross University,2001,NSW,RUN,RIBG,251274
3038,Southern Cross University,2001,NSW,RUN,RTS,2515000
2177,Swinburne University of Technology,2001,VIC,non-aligned,APA,728775
2177,Swinburne University of Technology,2001,VIC,non-aligned,IPRS,128542
2177,Swinburne University of Technology,2001,VIC,non-aligned,IGS,1511915
2177,Swinburne University of Technology,2001,VIC,non-aligned,RIBG,275524
2177,Swinburne University of Technology,2001,VIC,non-aligned,RTS,5221000
3033,The Australian National University,2001,ACT,Go8,APA,4426233
3033,The Australian National University,2001,ACT,Go8,IPRS,1242575
3033,The Australian National University,2001,ACT,Go8,IGS,8201738
3033,The Australian National University,2001,ACT,Go8,RIBG,2666138
3033,The Australian National University,2001,ACT,Go8,RTS,19349000
3010,The University of Adelaide,2001,SA,Go8,APA,3947933
3010,The University of Adelaide,2001,SA,Go8,IPRS,857534
3010,The University of Adelaide,2001,SA,Go8,IGS,15234176
3010,The University of Adelaide,2001,SA,Go8,RIBG,5588805
3010,The University of Adelaide,2001,SA,Go8,RTS,23501000
3036,The University of Melbourne,2001,VIC,Go8,APA,8835912
3036,The University of Melbourne,2001,VIC,Go8,IPRS,1024816
3036,The University of Melbourne,2001,VIC,Go8,IGS,29692309
3036,The University of Melbourne,2001,VIC,Go8,RIBG,10738371
3036,The University of Melbourne,2001,VIC,Go8,RTS,53791000
3044,The University of Notre Dame Australia,2001,WA,non-aligned,APA,53580
3044,The University of Notre Dame Australia,2001,WA,non-aligned,IPRS,55173
3044,The University of Notre Dame Australia,2001,WA,non-aligned,IGS,104924
3044,The University of Notre Dame Australia,2001,WA,non-aligned,RIBG,9627
3044,The University of Notre Dame Australia,2001,WA,non-aligned,RTS,42000
3019,The University of Queensland,2001,QLD,Go8,APA,7597473
3019,The University of Queensland,2001,QLD,Go8,IPRS,1606484
3019,The University of Queensland,2001,QLD,Go8,IGS,25655724
3019,The University of Queensland,2001,QLD,Go8,RIBG,8307687
3019,The University of Queensland,2001,QLD,Go8,RTS,47512000
3040,The University of Sydney,2001,NSW,Go8,APA,8012610
3040,The University of Sydney,2001,NSW,Go8,IPRS,1382269
3040,The University of Sydney,2001,NSW,Go8,IGS,26976738
3040,The University of Sydney,2001,NSW,Go8,RIBG,9421763
3040,The University of Sydney,2001,NSW,Go8,RTS,53232000
1055,The University of Western Australia,2001,WA,Go8,APA,4436252
1055,The University of Western Australia,2001,WA,Go8,IPRS,662080
1055,The University of Western Australia,2001,WA,Go8,IGS,15803302
1055,The University of Western Australia,2001,WA,Go8,RIBG,6399106
1055,The University of Western Australia,2001,WA,Go8,RTS,26104000
2241,University of Canberra,2001,ACT,IRU,APA,514020
2241,University of Canberra,2001,ACT,IRU,IPRS,70434
2241,University of Canberra,2001,ACT,IRU,IGS,1475958
2241,University of Canberra,2001,ACT,IRU,RIBG,300453
2241,University of Canberra,2001,ACT,IRU,RTS,2516000
3039,University of New England,2001,NSW,RUN,APA,1419217
3039,University of New England,2001,NSW,RUN,IPRS,456647
3039,University of New England,2001,NSW,RUN,IGS,3827081
3039,University of New England,2001,NSW,RUN,RIBG,1182759
3039,University of New England,2001,NSW,RUN,RTS,8066000
3013,University of New South Wales,2001,NSW,Go8,APA,6567691
3013,University of New South Wales,2001,NSW,Go8,IPRS,1826004
3013,University of New South Wales,2001,NSW,Go8,IGS,25335775
3013,University of New South Wales,2001,NSW,Go8,RIBG,8901889
3013,University of New South Wales,2001,NSW,Go8,RTS,37551000
3014,University of Newcastle,2001,NSW,ATN,APA,2041704
3014,University of Newcastle,2001,NSW,ATN,IPRS,364496
3014,University of Newcastle,2001,NSW,ATN,IGS,6995107
3014,University of Newcastle,2001,NSW,ATN,RIBG,2059881
3014,University of Newcastle,2001,NSW,ATN,RTS,13167000
3027,University of South Australia,2001,SA,ATN,APA,1281129
3027,University of South Australia,2001,SA,ATN,IPRS,242410
3027,University of South Australia,2001,SA,ATN,IGS,3922722
3027,University of South Australia,2001,SA,ATN,RIBG,713410
3027,University of South Australia,2001,SA,ATN,RTS,7555000
2201,University of Southern Queensland,2001,QLD,RUN,APA,307976
2201,University of Southern Queensland,2001,QLD,RUN,IPRS,55173
2201,University of Southern Queensland,2001,QLD,RUN,IGS,828206
2201,University of Southern Queensland,2001,QLD,RUN,RIBG,276314
2201,University of Southern Queensland,2001,QLD,RUN,RTS,1853000
3045,University of Tasmania,2001,TAS,non-aligned,APA,1955453
3045,University of Tasmania,2001,TAS,non-aligned,IPRS,346300
3045,University of Tasmania,2001,TAS,non-aligned,IGS,6514080
3045,University of Tasmania,2001,TAS,non-aligned,RIBG,1980169
3045,University of Tasmania,2001,TAS,non-aligned,RTS,13007000
3016,University of Technology Sydney,2001,NSW,ATN,APA,1366508
3016,University of Technology Sydney,2001,NSW,ATN,IPRS,110347
3016,University of Technology Sydney,2001,NSW,ATN,IGS,3114733
3016,University of Technology Sydney,2001,NSW,ATN,RIBG,761594
3016,University of Technology Sydney,2001,NSW,ATN,RTS,10662000
3043,University of the Sunshine Coast,2001,QLD,RUN,APA,32235
3043,University of the Sunshine Coast,2001,QLD,RUN,IGS,111080
3043,University of the Sunshine Coast,2001,QLD,RUN,RIBG,481
3043,University of the Sunshine Coast,2001,QLD,RUN,RTS,192000
1058,University of Wollongong,2001,NSW,non-aligned,APA,1677970
1058,University of Wollongong,2001,NSW,non-aligned,IPRS,744253
1058,University of Wollongong,2001,NSW,non-aligned,IGS,4978103
1058,University of Wollongong,2001,NSW,non-aligned,RIBG,1311231
1058,University of Wollongong,2001,NSW,non-aligned,RTS,12221000
3007,Victoria University,2001,VIC,non-aligned,APA,712658
3007,Victoria University,2001,VIC,non-aligned,IPRS,165520
3007,Victoria University,2001,VIC,non-aligned,IGS,1436940
3007,Victoria University,2001,VIC,non-aligned,RIBG,389569
3007,Victoria University,2001,VIC,non-aligned,RTS,4610000
3004,Western Sydney University,2001,NSW,IRU,APA,1332095
3004,Western Sydney University,2001,NSW,IRU,IPRS,260606
3004,Western Sydney University,2001,NSW,IRU,IGS,2752881
3004,Western Sydney University,2001,NSW,IRU,RIBG,720162
3004,Western Sydney University,2001,NSW,IRU,RTS,7933000
